date,walkforward_oos_portfolio
2016-01-04,0.0
2016-01-05,0.0
2016-01-06,0.0
2016-01-07,0.0
2016-01-08,0.0
2016-01-11,0.0
2016-01-12,0.0
2016-01-13,0.0
2016-01-14,0.0
2016-01-15,0.0
2016-01-18,0.0
2016-01-19,0.0
2016-01-20,0.0
2016-01-21,0.0
2016-01-22,0.0
2016-01-25,0.0
2016-01-26,0.0
2016-01-27,0.0
2016-01-28,0.0
2016-01-29,0.0
2016-02-01,0.0
2016-02-02,0.0
2016-02-03,0.0
2016-02-04,0.0
2016-02-05,0.0
2016-02-08,0.0
2016-02-09,0.0
2016-02-10,0.0
2016-02-11,0.0
2016-02-12,0.0
2016-02-15,0.0
2016-02-16,0.0
2016-02-17,0.0
2016-02-18,0.0
2016-02-19,0.0
2016-02-22,0.0
2016-02-23,0.0
2016-02-24,0.0
2016-02-25,0.0
2016-02-26,0.0
2016-02-29,0.0
2016-03-01,0.0
2016-03-02,0.0
2016-03-03,0.0
2016-03-04,0.0
2016-03-07,0.0
2016-03-08,0.0
2016-03-09,0.0
2016-03-10,0.0
2016-03-11,0.0
2016-03-14,0.0
2016-03-15,0.0
2016-03-16,0.0
2016-03-17,0.0
2016-03-18,0.0
2016-03-21,0.0
2016-03-22,0.0
2016-03-23,0.0
2016-03-24,0.0
2016-03-28,0.0
2016-03-29,0.0
2016-03-30,0.0
2016-03-31,0.0
2016-04-01,0.0
2016-04-04,0.0
2016-04-05,0.0
2016-04-06,0.0
2016-04-07,0.0
2016-04-08,0.0
2016-04-11,0.0
2016-04-12,0.0
2016-04-13,0.0
2016-04-14,0.0
2016-04-15,0.0
2016-04-18,0.0
2016-04-19,0.0
2016-04-20,0.0
2016-04-21,0.0
2016-04-22,0.0
2016-04-25,0.0
2016-04-26,0.0
2016-04-27,0.0
2016-04-28,0.0
2016-04-29,0.0
2016-05-02,0.0
2016-05-03,0.0
2016-05-04,0.0
2016-05-05,0.0
2016-05-06,0.0
2016-05-09,0.0
2016-05-10,0.0
2016-05-11,0.0
2016-05-12,0.0
2016-05-13,0.0
2016-05-16,0.0
2016-05-17,0.0
2016-05-18,0.0
2016-05-19,0.0
2016-05-20,0.0
2016-05-23,0.0
2016-05-24,0.0
2016-05-25,0.0
2016-05-26,0.0
2016-05-27,0.0
2016-05-30,0.0
2016-05-31,0.0
2016-06-01,0.0
2016-06-02,0.0
2016-06-03,0.0
2016-06-06,0.0
2016-06-07,0.0
2016-06-08,0.0
2016-06-09,0.0
2016-06-10,0.0
2016-06-13,0.0
2016-06-14,0.0
2016-06-15,0.0
2016-06-16,0.0
2016-06-17,0.0
2016-06-20,0.0
2016-06-21,0.0
2016-06-22,0.0
2016-06-23,0.0
2016-06-24,0.0
2016-06-27,0.0
2016-06-28,0.0
2016-06-29,0.0
2016-06-30,0.0
2016-07-01,0.0
2016-07-04,0.0
2016-07-05,0.0
2016-07-06,0.0
2016-07-07,0.0
2016-07-08,0.0
2016-07-11,0.0
2016-07-12,0.0
2016-07-13,0.0
2016-07-14,0.0
2016-07-15,0.0
2016-07-18,0.0
2016-07-19,0.0
2016-07-20,0.0
2016-07-21,0.0
2016-07-22,0.0
2016-07-25,0.0
2016-07-26,0.0
2016-07-27,0.0
2016-07-28,0.0
2016-07-29,0.0
2016-08-01,0.0
2016-08-02,0.0
2016-08-03,0.0
2016-08-04,0.0
2016-08-05,0.0
2016-08-08,0.0
2016-08-09,0.0
2016-08-10,0.0
2016-08-11,0.0
2016-08-12,0.0
2016-08-15,0.0
2016-08-16,0.0
2016-08-17,0.0
2016-08-18,0.0
2016-08-19,0.0
2016-08-22,0.0
2016-08-23,0.0
2016-08-24,0.0
2016-08-25,0.0
2016-08-26,0.0
2016-08-29,0.0
2016-08-30,0.0
2016-08-31,0.0
2016-09-01,0.0
2016-09-02,0.0
2016-09-05,0.0
2016-09-06,0.0
2016-09-07,0.0
2016-09-08,0.0
2016-09-09,0.0
2016-09-12,0.0
2016-09-13,0.0
2016-09-14,0.0
2016-09-15,0.0
2016-09-16,0.0
2016-09-19,0.0
2016-09-20,0.0
2016-09-21,0.0
2016-09-22,0.0
2016-09-23,0.0
2016-09-26,0.0
2016-09-27,0.0
2016-09-28,0.0
2016-09-29,0.0
2016-09-30,0.0
2016-10-03,0.0
2016-10-04,0.0
2016-10-05,0.0
2016-10-06,0.0
2016-10-07,0.0
2016-10-10,0.0
2016-10-11,0.0
2016-10-12,0.0
2016-10-13,0.0
2016-10-14,0.0
2016-10-17,0.0
2016-10-18,0.0
2016-10-19,0.0
2016-10-20,0.0
2016-10-21,0.0
2016-10-24,0.0
2016-10-25,0.0
2016-10-26,0.0
2016-10-27,0.0
2016-10-28,0.0
2016-10-31,0.0
2016-11-01,0.0
2016-11-02,0.0
2016-11-03,0.0
2016-11-04,0.0
2016-11-07,0.0
2016-11-08,0.0
2016-11-09,0.0
2016-11-10,0.0
2016-11-11,0.0
2016-11-14,0.0
2016-11-15,0.0
2016-11-16,0.0
2016-11-17,0.0
2016-11-18,0.0
2016-11-21,0.0
2016-11-22,0.0
2016-11-23,0.0
2016-11-24,0.0
2016-11-25,0.0
2016-11-28,0.0
2016-11-29,0.0
2016-11-30,0.0
2016-12-01,0.0
2016-12-02,0.0
2016-12-05,0.0
2016-12-06,0.0
2016-12-07,0.0
2016-12-08,0.0
2016-12-09,0.0
2016-12-12,0.0
2016-12-13,0.0
2016-12-14,0.0
2016-12-15,0.0
2016-12-16,0.0
2016-12-19,0.0
2016-12-20,0.0
2016-12-21,0.0
2016-12-22,0.0
2016-12-23,0.0
2016-12-27,0.0
2016-12-28,0.0
2016-12-29,0.0
2016-12-30,0.0
2017-01-02,0.0
2017-01-03,0.0
2017-01-04,0.0
2017-01-05,0.0
2017-01-06,0.0
2017-01-09,0.0
2017-01-10,0.0
2017-01-11,0.0
2017-01-12,0.0
2017-01-13,0.0
2017-01-16,0.0
2017-01-17,0.0
2017-01-18,0.0
2017-01-19,0.0
2017-01-20,0.0
2017-01-23,0.0
2017-01-24,0.0
2017-01-25,0.0
2017-01-26,0.0
2017-01-27,0.0
2017-01-30,0.0
2017-01-31,0.0
2017-02-01,0.0
2017-02-02,0.0
2017-02-03,0.0
2017-02-06,0.0
2017-02-07,0.0
2017-02-08,0.0
2017-02-09,0.0
2017-02-10,0.0
2017-02-13,0.0
2017-02-14,0.0
2017-02-15,0.0
2017-02-16,0.0
2017-02-17,0.0
2017-02-20,0.0
2017-02-21,0.0
2017-02-22,0.0
2017-02-23,0.0
2017-02-24,0.0
2017-02-27,0.0
2017-02-28,0.0
2017-03-01,0.0
2017-03-02,0.0
2017-03-03,0.0
2017-03-06,0.0
2017-03-07,0.0
2017-03-08,0.0
2017-03-09,0.0
2017-03-10,0.0
2017-03-13,0.0
2017-03-14,0.0
2017-03-15,0.0
2017-03-16,0.0
2017-03-17,0.0
2017-03-20,0.0
2017-03-21,0.0
2017-03-22,0.0
2017-03-23,0.0
2017-03-24,0.0
2017-03-27,0.0
2017-03-28,0.0
2017-03-29,0.0
2017-03-30,0.0
2017-03-31,0.0
2017-04-03,0.0
2017-04-04,0.0
2017-04-05,0.0
2017-04-06,0.0
2017-04-07,0.0
2017-04-10,0.0
2017-04-11,0.0
2017-04-12,0.0
2017-04-13,0.0
2017-04-17,0.0
2017-04-18,0.0
2017-04-19,0.0
2017-04-20,0.0
2017-04-21,0.0
2017-04-24,0.0
2017-04-25,0.0
2017-04-26,0.0
2017-04-27,0.0
2017-04-28,0.0
2017-05-01,0.0
2017-05-02,0.0
2017-05-03,0.0
2017-05-04,0.0
2017-05-05,0.0
2017-05-08,0.0
2017-05-09,0.0
2017-05-10,0.0
2017-05-11,0.0
2017-05-12,0.0
2017-05-15,0.0
2017-05-16,0.0
2017-05-17,0.0
2017-05-18,0.0
2017-05-19,0.0
2017-05-22,0.0
2017-05-23,0.0
2017-05-24,0.0
2017-05-25,0.0
2017-05-26,0.0
2017-05-29,0.0
2017-05-30,0.0
2017-05-31,0.0
2017-06-01,0.0
2017-06-02,0.0
2017-06-05,0.0
2017-06-06,0.0
2017-06-07,0.0
2017-06-08,0.0
2017-06-09,0.0
2017-06-12,0.0
2017-06-13,0.0
2017-06-14,0.0
2017-06-15,0.0
2017-06-16,0.0
2017-06-19,0.0
2017-06-20,0.0
2017-06-21,0.0
2017-06-22,0.0
2017-06-23,0.0
2017-06-26,0.0
2017-06-27,0.0
2017-06-28,0.0
2017-06-29,0.0
2017-06-30,0.0
2017-07-03,0.0
2017-07-04,0.0
2017-07-05,0.0
2017-07-06,0.0
2017-07-07,0.0
2017-07-10,0.0
2017-07-11,0.0
2017-07-12,0.0
2017-07-13,0.0
2017-07-14,0.0
2017-07-17,0.0
2017-07-18,0.0
2017-07-19,0.0
2017-07-20,0.0
2017-07-21,0.0
2017-07-24,0.0
2017-07-25,0.0
2017-07-26,0.0
2017-07-27,0.0
2017-07-28,0.0
2017-07-31,0.0
2017-08-01,0.0
2017-08-02,0.0
2017-08-03,0.0
2017-08-04,0.0
2017-08-07,0.0
2017-08-08,0.0
2017-08-09,0.0
2017-08-10,0.0
2017-08-11,0.0
2017-08-14,0.0
2017-08-15,0.0
2017-08-16,0.0
2017-08-17,0.0
2017-08-18,0.0
2017-08-21,0.0
2017-08-22,0.0
2017-08-23,0.0
2017-08-24,0.0
2017-08-25,0.0
2017-08-28,0.0
2017-08-29,0.0
2017-08-30,0.0
2017-08-31,0.0
2017-09-01,0.0
2017-09-04,0.0
2017-09-05,0.0
2017-09-06,0.0
2017-09-07,0.0
2017-09-08,0.0
2017-09-11,0.0
2017-09-12,0.0
2017-09-13,0.0
2017-09-14,0.0
2017-09-15,0.0
2017-09-18,0.0
2017-09-19,0.0
2017-09-20,0.0
2017-09-21,0.0
2017-09-22,0.0
2017-09-25,0.0
2017-09-26,0.0
2017-09-27,0.0
2017-09-28,0.0
2017-09-29,0.0
2017-10-02,0.0
2017-10-03,0.0
2017-10-04,0.0
2017-10-05,0.0
2017-10-06,0.0
2017-10-09,0.0
2017-10-10,0.0
2017-10-11,0.0
2017-10-12,0.0
2017-10-13,0.0
2017-10-16,0.0
2017-10-17,0.0
2017-10-18,0.0
2017-10-19,0.0
2017-10-20,0.0
2017-10-23,0.0
2017-10-24,0.0
2017-10-25,0.0
2017-10-26,0.0
2017-10-27,0.0
2017-10-30,0.0
2017-10-31,0.0
2017-11-01,0.0
2017-11-02,0.0
2017-11-03,0.0
2017-11-06,0.0
2017-11-07,0.0
2017-11-08,0.0
2017-11-09,0.0
2017-11-10,0.0
2017-11-13,0.0
2017-11-14,0.0
2017-11-15,0.0
2017-11-16,0.0
2017-11-17,0.0
2017-11-20,0.0
2017-11-21,0.0
2017-11-22,0.0
2017-11-23,0.0
2017-11-24,0.0
2017-11-27,0.0
2017-11-28,0.0
2017-11-29,0.0
2017-11-30,0.0
2017-12-01,0.0
2017-12-04,0.0
2017-12-05,0.0
2017-12-06,0.0
2017-12-07,0.0
2017-12-08,0.0
2017-12-11,0.0
2017-12-12,0.0
2017-12-13,0.0
2017-12-14,0.0
2017-12-15,0.0
2017-12-18,0.0
2017-12-19,0.0
2017-12-20,0.0
2017-12-21,0.0
2017-12-22,0.0
2017-12-26,0.0
2017-12-27,0.0
2017-12-28,0.0
2017-12-29,0.0
2018-01-02,0.0
2018-01-03,0.0
2018-01-04,0.0
2018-01-05,0.0
2018-01-08,0.0
2018-01-09,0.0
2018-01-10,0.0
2018-01-11,0.0
2018-01-12,0.0
2018-01-15,0.0
2018-01-16,0.0
2018-01-17,0.0
2018-01-18,0.0
2018-01-19,0.0
2018-01-22,0.0
2018-01-23,0.0
2018-01-24,0.0
2018-01-25,0.0
2018-01-26,0.0
2018-01-29,0.0
2018-01-30,0.0
2018-01-31,0.0
2018-02-01,0.0
2018-02-02,0.0
2018-02-05,0.0
2018-02-06,0.0
2018-02-07,0.0
2018-02-08,0.0
2018-02-09,0.0
2018-02-12,0.0
2018-02-13,0.0
2018-02-14,0.0
2018-02-15,0.0
2018-02-16,0.0
2018-02-19,0.0
2018-02-20,0.0
2018-02-21,0.0
2018-02-22,0.0
2018-02-23,0.0
2018-02-26,0.0
2018-02-27,0.0
2018-02-28,0.0
2018-03-01,0.0
2018-03-02,0.0
2018-03-05,0.0
2018-03-06,0.0
2018-03-07,0.0
2018-03-08,0.0
2018-03-09,0.0
2018-03-12,0.0
2018-03-13,0.0
2018-03-14,0.0
2018-03-15,0.0
2018-03-16,0.0
2018-03-19,0.0
2018-03-20,0.0
2018-03-21,0.0
2018-03-22,0.0
2018-03-23,0.0
2018-03-26,0.0
2018-03-27,0.0
2018-03-28,0.0
2018-03-29,0.0
2018-04-02,0.0
2018-04-03,0.0
2018-04-04,0.0
2018-04-05,0.0
2018-04-06,0.0
2018-04-09,0.0
2018-04-10,0.0
2018-04-11,0.0
2018-04-12,0.0
2018-04-13,0.0
2018-04-16,0.0
2018-04-17,0.0
2018-04-18,0.0
2018-04-19,0.0
2018-04-20,0.0
2018-04-23,0.0
2018-04-24,0.0
2018-04-25,0.0
2018-04-26,0.0
2018-04-27,0.0
2018-04-30,0.0
2018-05-01,0.0
2018-05-02,0.0
2018-05-03,0.0
2018-05-04,0.0
2018-05-07,0.0
2018-05-08,0.0
2018-05-09,0.0
2018-05-10,0.0
2018-05-11,0.0
2018-05-14,0.0
2018-05-15,0.0
2018-05-16,0.0
2018-05-17,0.0
2018-05-18,0.0
2018-05-21,0.0
2018-05-22,0.0
2018-05-23,0.0
2018-05-24,0.0
2018-05-25,0.0
2018-05-28,0.0
2018-05-29,0.0
2018-05-30,0.0
2018-05-31,0.0
2018-06-01,0.0
2018-06-04,0.0
2018-06-05,0.0
2018-06-06,0.0
2018-06-07,0.0
2018-06-08,0.0
2018-06-11,0.0
2018-06-12,0.0
2018-06-13,0.0
2018-06-14,0.0
2018-06-15,0.0
2018-06-18,0.0
2018-06-19,0.0
2018-06-20,0.0
2018-06-21,0.0
2018-06-22,0.0
2018-06-25,0.0
2018-06-26,0.0
2018-06-27,0.0
2018-06-28,0.0
2018-06-29,0.0
2018-07-02,0.0
2018-07-03,0.0
2018-07-04,0.0
2018-07-05,0.0
2018-07-06,0.0
2018-07-09,0.0
2018-07-10,0.0
2018-07-11,0.0
2018-07-12,0.0
2018-07-13,0.0
2018-07-16,0.0
2018-07-17,0.0
2018-07-18,0.0
2018-07-19,0.0
2018-07-20,0.0
2018-07-23,0.0
2018-07-24,0.0
2018-07-25,0.0
2018-07-26,0.0
2018-07-27,0.0
2018-07-30,0.0
2018-07-31,0.0
2018-08-01,0.0
2018-08-02,0.0
2018-08-03,0.0
2018-08-06,0.0
2018-08-07,0.0
2018-08-08,0.0
2018-08-09,0.0
2018-08-10,0.0
2018-08-13,0.0
2018-08-14,0.0
2018-08-15,0.0
2018-08-16,0.0
2018-08-17,0.0
2018-08-20,0.0
2018-08-21,0.0
2018-08-22,0.0
2018-08-23,0.0
2018-08-24,0.0
2018-08-27,0.0
2018-08-28,0.0
2018-08-29,0.0
2018-08-30,0.0
2018-08-31,0.0
2018-09-03,0.0
2018-09-04,0.0
2018-09-05,0.0
2018-09-06,0.0
2018-09-07,0.0
2018-09-10,0.0
2018-09-11,0.0
2018-09-12,0.0
2018-09-13,0.0
2018-09-14,0.0
2018-09-17,0.0
2018-09-18,0.0
2018-09-19,0.0
2018-09-20,0.0
2018-09-21,0.0
2018-09-24,0.0
2018-09-25,0.0
2018-09-26,0.0
2018-09-27,0.0
2018-09-28,0.0
2018-10-01,0.0
2018-10-02,0.0
2018-10-03,0.0
2018-10-04,0.0
2018-10-05,0.0
2018-10-08,0.0
2018-10-09,0.0
2018-10-10,0.0
2018-10-11,0.0
2018-10-12,0.0
2018-10-15,0.0
2018-10-16,0.0
2018-10-17,0.0
2018-10-18,0.0
2018-10-19,0.0
2018-10-22,0.0
2018-10-23,0.0
2018-10-24,0.0
2018-10-25,0.0
2018-10-26,0.0
2018-10-29,0.0
2018-10-30,0.0
2018-10-31,0.0
2018-11-01,0.0
2018-11-02,0.0
2018-11-05,0.0
2018-11-06,0.0
2018-11-07,0.0
2018-11-08,0.0
2018-11-09,0.0
2018-11-12,0.0
2018-11-13,0.0
2018-11-14,0.0
2018-11-15,0.0
2018-11-16,0.0
2018-11-19,0.0
2018-11-20,0.0
2018-11-21,0.0
2018-11-22,0.0
2018-11-23,0.0
2018-11-26,0.0
2018-11-27,0.0
2018-11-28,0.0
2018-11-29,0.0
2018-11-30,0.0
2018-12-03,0.0
2018-12-04,0.0
2018-12-05,0.0
2018-12-06,0.0
2018-12-07,0.0
2018-12-10,0.0
2018-12-11,0.0
2018-12-12,0.0
2018-12-13,0.0
2018-12-14,0.0
2018-12-17,0.0
2018-12-18,0.0
2018-12-19,0.0
2018-12-20,0.0
2018-12-21,0.0
2018-12-24,0.0
2018-12-26,0.0
2018-12-27,0.0
2018-12-28,0.0
2018-12-31,0.0
2019-01-02,0.0
2019-01-03,0.0
2019-01-04,0.0
2019-01-07,0.0
2019-01-08,0.0
2019-01-09,0.0
2019-01-10,0.0
2019-01-11,0.0
2019-01-14,0.0
2019-01-15,0.0
2019-01-16,0.0
2019-01-17,0.0
2019-01-18,0.0
2019-01-21,0.0
2019-01-22,0.0
2019-01-23,0.0
2019-01-24,0.0
2019-01-25,0.0
2019-01-28,0.0
2019-01-29,0.0
2019-01-30,0.0
2019-01-31,0.0
2019-02-01,0.0
2019-02-04,0.0
2019-02-05,0.0
2019-02-06,0.0
2019-02-07,0.0
2019-02-08,0.0
2019-02-11,0.0
2019-02-12,0.0
2019-02-13,0.0
2019-02-14,0.0
2019-02-15,0.0
2019-02-18,0.0
2019-02-19,0.0
2019-02-20,0.0
2019-02-21,0.0
2019-02-22,0.0
2019-02-25,0.0
2019-02-26,0.0
2019-02-27,0.0
2019-02-28,0.0
2019-03-01,0.0
2019-03-04,0.0
2019-03-05,0.0
2019-03-06,0.0
2019-03-07,0.0
2019-03-08,0.0
2019-03-11,0.0
2019-03-12,0.0
2019-03-13,0.0
2019-03-14,0.0
2019-03-15,0.0
2019-03-18,0.0
2019-03-19,0.0
2019-03-20,0.0
2019-03-21,0.0
2019-03-22,0.0
2019-03-25,0.0
2019-03-26,0.0
2019-03-27,0.0
2019-03-28,0.0
2019-03-29,0.0
2019-04-01,0.0
2019-04-02,0.0
2019-04-03,0.0
2019-04-04,0.0
2019-04-05,0.0
2019-04-08,0.0
2019-04-09,0.0
2019-04-10,0.0
2019-04-11,0.0
2019-04-12,0.0
2019-04-15,0.0
2019-04-16,0.0
2019-04-17,0.0
2019-04-18,0.0
2019-04-22,0.0
2019-04-23,0.0
2019-04-24,0.0
2019-04-25,0.0
2019-04-26,0.0
2019-04-29,0.0
2019-04-30,0.0
2019-05-01,0.0
2019-05-02,0.0
2019-05-03,0.0
2019-05-06,0.0
2019-05-07,0.0
2019-05-08,0.0
2019-05-09,0.0
2019-05-10,0.0
2019-05-13,0.0
2019-05-14,0.0
2019-05-15,0.0
2019-05-16,0.0
2019-05-17,0.0
2019-05-20,0.0
2019-05-21,0.0
2019-05-22,0.0
2019-05-23,0.0
2019-05-24,0.0
2019-05-27,0.0
2019-05-28,0.0
2019-05-29,0.0
2019-05-30,0.0
2019-05-31,0.0
2019-06-03,0.0
2019-06-04,0.0
2019-06-05,0.0
2019-06-06,0.0
2019-06-07,0.0
2019-06-10,0.0
2019-06-11,0.0
2019-06-12,0.0
2019-06-13,0.0
2019-06-14,0.0
2019-06-17,0.0
2019-06-18,0.0
2019-06-19,0.0
2019-06-20,0.0
2019-06-21,0.0
2019-06-24,0.0
2019-06-25,0.0
2019-06-26,0.0
2019-06-27,0.0
2019-06-28,0.0
2019-07-01,0.0
2019-07-02,0.0
2019-07-03,0.0
2019-07-04,0.0
2019-07-05,0.0
2019-07-08,0.0
2019-07-09,0.0
2019-07-10,0.0
2019-07-11,0.0
2019-07-12,0.0
2019-07-15,0.0
2019-07-16,0.0
2019-07-17,0.0
2019-07-18,0.0
2019-07-19,0.0
2019-07-22,0.0
2019-07-23,0.0
2019-07-24,0.0
2019-07-25,0.0
2019-07-26,0.0
2019-07-29,0.0
2019-07-30,0.0
2019-07-31,0.0
2019-08-01,0.0
2019-08-02,0.0
2019-08-05,0.0
2019-08-06,0.0
2019-08-07,0.0
2019-08-08,0.0
2019-08-09,0.0
2019-08-12,0.0
2019-08-13,0.0
2019-08-14,0.0
2019-08-15,0.0
2019-08-16,0.0
2019-08-19,0.0
2019-08-20,0.0
2019-08-21,0.0
2019-08-22,0.0
2019-08-23,0.0
2019-08-26,0.0
2019-08-27,0.0
2019-08-28,0.0
2019-08-29,0.0
2019-08-30,0.0
2019-09-02,0.0
2019-09-03,0.0
2019-09-04,0.0
2019-09-05,0.0
2019-09-06,0.0
2019-09-09,0.0
2019-09-10,0.0
2019-09-11,0.0
2019-09-12,0.0
2019-09-13,0.0
2019-09-16,0.0
2019-09-17,0.0
2019-09-18,0.0
2019-09-19,0.0
2019-09-20,0.0
2019-09-23,0.0
2019-09-24,0.0
2019-09-25,0.0
2019-09-26,0.0
2019-09-27,0.0
2019-09-30,0.0
2019-10-01,0.0
2019-10-02,0.0
2019-10-03,0.0
2019-10-04,0.0
2019-10-07,0.0
2019-10-08,0.0
2019-10-09,0.0
2019-10-10,0.0
2019-10-11,0.0
2019-10-14,0.0
2019-10-15,0.0
2019-10-16,0.0
2019-10-17,0.0
2019-10-18,0.0
2019-10-21,0.0
2019-10-22,0.0
2019-10-23,0.0
2019-10-24,0.0
2019-10-25,0.0
2019-10-28,0.0
2019-10-29,0.0
2019-10-30,0.0
2019-10-31,0.0
2019-11-01,0.0
2019-11-04,0.0
2019-11-05,0.0
2019-11-06,0.0
2019-11-07,0.0
2019-11-08,0.0
2019-11-11,0.0
2019-11-12,0.0
2019-11-13,0.0
2019-11-14,0.0
2019-11-15,0.0
2019-11-18,0.0
2019-11-19,0.0
2019-11-20,0.0
2019-11-21,0.0
2019-11-22,0.0
2019-11-25,0.0
2019-11-26,0.0
2019-11-27,0.0
2019-11-28,0.0
2019-11-29,0.0
2019-12-02,0.0
2019-12-03,0.0
2019-12-04,0.0
2019-12-05,0.0
2019-12-06,0.0
2019-12-09,0.0
2019-12-10,0.0
2019-12-11,0.0
2019-12-12,0.0
2019-12-13,0.0
2019-12-16,0.0
2019-12-17,0.0
2019-12-18,0.0
2019-12-19,0.0
2019-12-20,0.0
2019-12-23,0.0
2019-12-24,0.0
2019-12-26,0.0
2019-12-27,0.0
2019-12-30,0.0
2019-12-31,0.0
2020-01-02,0.0
2020-01-03,0.0
2020-01-06,0.0
2020-01-07,0.0
2020-01-08,0.0
2020-01-09,0.0
2020-01-10,0.0
2020-01-13,0.0
2020-01-14,0.0
2020-01-15,0.0
2020-01-16,0.0
2020-01-17,0.0
2020-01-20,0.0
2020-01-21,0.0
2020-01-22,0.0
2020-01-23,0.0
2020-01-24,0.0
2020-01-27,0.0
2020-01-28,0.0
2020-01-29,0.0
2020-01-30,0.0
2020-01-31,0.0
2020-02-03,0.0
2020-02-04,0.0
2020-02-05,0.0
2020-02-06,0.0
2020-02-07,0.0
2020-02-10,0.0
2020-02-11,0.0
2020-02-12,0.0
2020-02-13,0.0
2020-02-14,0.0
2020-02-17,0.0
2020-02-18,0.0
2020-02-19,0.0
2020-02-20,0.0
2020-02-21,0.0
2020-02-24,0.0
2020-02-25,0.0
2020-02-26,0.0
2020-02-27,0.0
2020-02-28,0.0
2020-03-02,0.0
2020-03-03,0.0
2020-03-04,0.0
2020-03-05,0.0
2020-03-06,0.0
2020-03-09,0.0
2020-03-10,0.0
2020-03-11,0.0
2020-03-12,0.0
2020-03-13,0.0
2020-03-16,0.0
2020-03-17,0.0
2020-03-18,0.0
2020-03-19,0.0
2020-03-20,0.0
2020-03-23,0.0
2020-03-24,0.0
2020-03-25,0.0
2020-03-26,0.0
2020-03-27,0.0
2020-03-30,0.0
2020-03-31,0.0
2020-04-01,0.0
2020-04-02,0.0
2020-04-03,0.0
2020-04-06,0.0
2020-04-07,0.0
2020-04-08,0.0
2020-04-09,0.0
2020-04-13,0.0
2020-04-14,0.0
2020-04-15,0.0
2020-04-16,0.0
2020-04-17,0.0
2020-04-20,0.0
2020-04-21,0.0
2020-04-22,0.0
2020-04-23,0.0
2020-04-24,0.0
2020-04-27,0.0
2020-04-28,0.0
2020-04-29,0.0
2020-04-30,0.0
2020-05-01,0.0
2020-05-04,0.0
2020-05-05,0.0
2020-05-06,0.0
2020-05-07,0.0
2020-05-08,0.0
2020-05-11,0.0
2020-05-12,0.0
2020-05-13,0.0
2020-05-14,0.0
2020-05-15,0.0
2020-05-18,0.0
2020-05-19,0.0
2020-05-20,0.0
2020-05-21,0.0
2020-05-22,0.0
2020-05-25,0.0
2020-05-26,0.0
2020-05-27,0.0
2020-05-28,0.0
2020-05-29,0.0
2020-06-01,0.0
2020-06-02,0.0
2020-06-03,0.0
2020-06-04,0.0
2020-06-05,0.0
2020-06-08,0.0
2020-06-09,0.0
2020-06-10,0.0
2020-06-11,0.0
2020-06-12,0.0
2020-06-15,0.0
2020-06-16,0.0
2020-06-17,0.0
2020-06-18,0.0
2020-06-19,0.0
2020-06-22,0.0
2020-06-23,0.0
2020-06-24,0.0
2020-06-25,0.0
2020-06-26,0.0
2020-06-29,0.0
2020-06-30,0.0
2020-07-01,0.0
2020-07-02,0.0
2020-07-03,0.0
2020-07-06,0.0
2020-07-07,0.0
2020-07-08,0.0
2020-07-09,0.0
2020-07-10,0.0
2020-07-13,0.0
2020-07-14,0.0
2020-07-15,0.0
2020-07-16,0.0
2020-07-17,0.0
2020-07-20,0.0
2020-07-21,0.0
2020-07-22,0.0
2020-07-23,0.0
2020-07-24,0.0
2020-07-27,0.0
2020-07-28,0.0
2020-07-29,0.0
2020-07-30,0.0
2020-07-31,0.0
2020-08-03,0.0
2020-08-04,0.0
2020-08-05,0.0
2020-08-06,0.0
2020-08-07,0.0
2020-08-10,0.0
2020-08-11,0.0
2020-08-12,0.0
2020-08-13,0.0
2020-08-14,0.0
2020-08-17,0.0
2020-08-18,0.0
2020-08-19,0.0
2020-08-20,0.0
2020-08-21,0.0
2020-08-24,0.0
2020-08-25,0.0
2020-08-26,0.0
2020-08-27,0.0
2020-08-28,0.0
2020-08-31,0.0
2020-09-01,0.0
2020-09-02,0.0
2020-09-03,0.0
2020-09-04,0.0
2020-09-07,0.0
2020-09-08,0.0
2020-09-09,0.0
2020-09-10,0.0
2020-09-11,0.0
2020-09-14,0.0
2020-09-15,0.0
2020-09-16,0.0
2020-09-17,0.0
2020-09-18,0.0
2020-09-21,0.0
2020-09-22,0.0
2020-09-23,0.0
2020-09-24,0.0
2020-09-25,0.0
2020-09-28,0.0
2020-09-29,0.0
2020-09-30,0.0
2020-10-01,0.0
2020-10-02,0.0
2020-10-05,0.0
2020-10-06,0.0
2020-10-07,0.0
2020-10-08,0.0
2020-10-09,0.0
2020-10-12,0.0
2020-10-13,0.0
2020-10-14,0.0
2020-10-15,0.0
2020-10-16,0.0
2020-10-19,0.0
2020-10-20,0.0
2020-10-21,0.0
2020-10-22,0.0
2020-10-23,0.0
2020-10-26,0.0
2020-10-27,0.0
2020-10-28,0.0
2020-10-29,0.0
2020-10-30,0.0
2020-11-02,0.0
2020-11-03,0.0
2020-11-04,0.0
2020-11-05,0.0
2020-11-06,0.0
2020-11-09,0.0
2020-11-10,0.0
2020-11-11,0.0
2020-11-12,0.0
2020-11-13,0.0
2020-11-16,0.0
2020-11-17,0.0
2020-11-18,0.0
2020-11-19,0.0
2020-11-20,0.0
2020-11-23,0.0
2020-11-24,0.0
2020-11-25,0.0
2020-11-26,0.0
2020-11-27,0.0
2020-11-30,0.0
2020-12-01,0.0
2020-12-02,0.0
2020-12-03,0.0
2020-12-04,0.0
2020-12-07,0.0
2020-12-08,0.0
2020-12-09,0.0
2020-12-10,0.0
2020-12-11,0.0
2020-12-14,0.0
2020-12-15,0.0
2020-12-16,0.0
2020-12-17,0.0
2020-12-18,0.0
2020-12-21,0.0
2020-12-22,0.0
2020-12-23,0.0
2020-12-24,0.0
2020-12-28,0.0
2020-12-29,0.0
2020-12-30,0.0
2020-12-31,0.0
2021-01-04,-0.013706563706563313
2021-01-05,0.04912898806028565
2021-01-06,0.013059701492537545
2021-01-07,0.0014732965009209842
2021-01-08,0.029606472968003006
2021-01-11,-0.005893909626719318
2021-01-12,0.016528925619834878
2021-01-13,-0.009190526687875455
2021-01-14,0.006421691045308098
2021-01-15,-0.02339595887982948
2021-01-18,-0.006352087114337657
2021-01-19,0.02100456621004554
2021-01-20,0.003220035778175534
2021-01-21,0.00035663338088420815
2021-01-22,-0.012299465240642071
2021-01-25,0.008482223425374524
2021-01-26,0.0005368647100929547
2021-01-27,-0.0017885888034335773
2021-01-28,-0.005017022039061514
2021-01-29,-0.0010889292196004652
2021-02-01,0.023800872093023173
2021-02-02,0.01969831410825229
2021-02-03,0.01740341106856924
2021-02-04,0.006500171057133297
2021-02-05,0.008497620666213512
2021-02-08,0.020559487698011303
2021-02-09,0.008751651254953696
2021-02-10,0.006220330659682194
2021-02-11,-0.005368472425573367
2021-02-12,0.021099116781158278
2021-02-15,0.013935607880826373
2021-02-16,0.0007898894154818592
2021-02-17,0.015627466456195727
2021-02-18,-0.006372396642834732
2021-02-19,-0.015954950727357864
2021-02-22,0.03703703703703676
2021-02-23,0.001992642550582735
2021-02-24,0.025546886951200776
2021-02-25,-0.0023866348448688957
2021-02-26,-0.025563454847980394
2021-03-01,-0.011331884507916667
2021-03-02,-0.015544041450777257
2021-03-03,0.02185007974481623
2021-03-04,0.0416731699703452
2021-03-05,0.039256817500749275
2021-03-08,-0.016147635524798365
2021-03-09,-0.010550996483000952
2021-03-10,0.005627962085308136
2021-03-11,0.025478645066274064
2021-03-12,-0.005888266551773658
2021-03-15,-0.004911875180583891
2021-03-16,-0.007113821138211351
2021-03-17,-0.005702588097674877
2021-03-18,-0.06941176470588262
2021-03-19,0.019753476611883425
2021-03-22,0.0013947001394707392
2021-03-23,-0.05926957598266813
2021-03-24,-0.05984926797170557
2021-03-25,0.038192827200744905
2021-03-26,-0.042292171105730025
2021-03-29,-0.006349698002168669
2021-03-30,0.012927054478301447
2021-03-31,0.022284556646407938
2021-04-01,-0.03379024545744369
2021-04-05,0.04178230033919239
2021-04-06,-0.009493161705551145
2021-04-07,-0.006694293911380322
2021-04-08,-0.0006333122229260635
2021-04-09,0.003955696202531889
2021-04-12,-0.005242255758538983
2021-04-13,-0.006163084702907273
2021-04-14,-0.045704413381498554
2021-04-15,-0.005407029137879382
2021-04-16,-0.002839587690468803
2021-04-19,0.004193500074883838
2021-04-20,-0.007158836689038495
2021-04-21,-0.018777226979119765
2021-04-22,0.0012247397428051254
2021-04-23,0.010856269113149741
2021-04-26,-0.006958100136136958
2021-04-27,0.011728865194211568
2021-04-28,0.012797350195724588
2021-04-29,0.01917645309944982
2021-04-30,-0.018956649522409497
2021-05-03,0.011983223487117556
2021-05-04,0.01953818827708642
2021-05-05,0.0011614401858306422
2021-05-06,-0.012616009280742135
2021-05-07,0.0027904244382432886
2021-05-10,0.0005858230814295151
2021-05-11,0.003366510538641565
2021-05-12,0.011232676878191405
2021-05-13,-0.03274668205424103
2021-05-14,0.024757643549589536
2021-05-17,0.01091544171154113
2021-05-18,-0.010797581341779217
2021-05-19,-0.029835540678212924
2021-05-20,-0.023252325232523186
2021-05-21,0.020426969743511103
2021-05-24,0.030403371462974338
2021-05-25,0.0027753432661408173
2021-05-26,-0.0035046613255647393
2021-05-27,-0.008566865108174726
2021-05-28,-0.007236416184971206
2021-05-31,-0.009031082654248823
2021-06-01,0.013116041546451485
2021-06-02,0.015658362989323882
2021-06-03,-0.0005606166783462818
2021-06-04,0.00813350161267734
2021-06-07,-0.00556405619696787
2021-06-08,0.010211218352217388
2021-06-09,0.0
2021-06-10,0.004153973968429314
2021-06-11,0.002344180915609284
2021-06-14,0.002338698583024268
2021-06-15,0.015509195717814617
2021-06-16,0.005406135964319825
2021-06-17,-0.017609893802930654
2021-06-18,0.005883962780514285
2021-06-21,0.018908991973881628
2021-06-22,-0.001201602136182034
2021-06-23,0.005079534821548437
2021-06-24,0.004920867136587015
2021-06-25,0.00820539968237144
2021-06-28,-0.0196902074035179
2021-06-29,0.0010712372790571134
2021-06-30,0.0045772751750134955
2021-07-01,0.01634950415438241
2021-07-02,0.004351265822784889
2021-07-05,0.012997243009058579
2021-07-06,-0.03408501814411591
2021-07-07,-0.014759157386287414
2021-07-08,0.00939670434427331
2021-07-09,0.01929303831624396
2021-07-12,-0.005162144275314473
2021-07-13,0.01769558275678551
2021-07-14,-0.02261733559942447
2021-07-15,-0.017255216693418896
2021-07-16,0.0016333197223359353
2021-07-19,0.06723635004756098
2021-07-20,-0.010638297872340274
2021-07-21,-0.04152847873107457
2021-07-22,-0.02159767409663571
2021-07-23,-0.004201111261688206
2021-07-26,-0.005398110661268829
2021-07-27,0.00026845637583894355
2021-07-28,-0.00349087003222337
2021-07-29,-0.0175274284185174
2021-07-30,-0.004127829560585994
2021-08-02,0.033417318658003015
2021-08-03,-0.006885265468513901
2021-08-04,-0.028034801822952704
2021-08-05,-0.013229809605001674
2021-08-06,0.008276055547762784
2021-08-09,0.023479490806223247
2021-08-10,-0.023030127462340788
2021-08-11,-0.011468214639671404
2021-08-12,0.0018197088465844447
2021-08-13,0.010096760622633316
2021-08-16,0.015299617509562435
2021-08-17,0.006905481225722987
2021-08-18,0.011589164131536767
2021-08-19,0.026088230983438487
2021-08-20,0.0191121143717079
2021-08-23,-0.05477140227063537
2021-08-24,-0.03345454545454518
2021-08-25,-0.016889514426460472
2021-08-26,0.01633217993079572
2021-08-27,-0.022935134374560295
2021-08-30,-0.009766162310866466
2021-08-31,-0.008606797729475401
2021-09-01,-0.0005584252408208368
2021-09-02,0.020114541137030262
2021-09-03,-0.005751061207722619
2021-09-06,-0.005371160997107993
2021-09-07,-0.007338687344226158
2021-09-08,0.012693541637606831
2021-09-09,-0.015840220385674675
2021-09-10,0.0205738278516443
2021-09-13,0.008091058694459807
2021-09-14,0.001224323221330481
2021-09-15,0.025271739130434456
2021-09-16,0.002782931354360141
2021-09-17,-0.004361041363816431
2021-09-20,-0.018847889567294995
2021-09-21,0.005952380952380709
2021-09-22,0.02461000537923641
2021-09-23,0.013912586953668704
2021-09-24,0.010873786407766817
2021-09-27,0.018440261237034017
2021-09-28,-0.005532503457814308
2021-09-29,-0.005689720571500967
2021-09-30,0.002817262133435472
2021-10-01,0.012386668369301912
2021-10-04,0.02497477295660877
2021-10-05,0.01599803101156816
2021-10-06,-0.01792635658914754
2021-10-07,0.010730143068574671
2021-10-08,0.005369127516778427
2021-10-11,0.015293118096856517
2021-10-12,-0.0027495517035266426
2021-10-13,-0.0028770079117718117
2021-10-14,0.009858138975715525
2021-10-15,0.010238095238095157
2021-10-18,-0.0062455809568702225
2021-10-19,0.008893632159373999
2021-10-20,0.00869769628584871
2021-10-21,-0.014099277557679035
2021-10-22,0.010873419217586555
2021-10-25,0.005378229860867778
2021-10-26,0.004767996278636888
2021-10-27,-0.021064814814815147
2021-10-28,-0.003074012768976009
2021-10-29,0.0007171886206076561
2021-11-01,0.011825131390348353
2021-11-02,0.00011804981702256967
2021-11-03,-0.03222379603399428
2021-11-04,-0.017685083546773894
2021-11-05,0.02731561956791695
2021-11-08,-0.00863937635968085
2021-11-09,-0.016181229773462702
2021-11-10,0.025241802311866124
2021-11-11,-0.002783155856727726
2021-11-12,0.00844696512610077
2021-11-15,0.0014603870025554633
2021-11-16,-0.004631322364411883
2021-11-17,0.02608273686764573
2021-11-18,-0.01195814648729443
2021-11-19,0.02892663712456911
2021-11-22,-0.010267461021675972
2021-11-23,-0.032747804265996994
2021-11-24,0.0007289515247234091
2021-11-25,0.0003647416413374849
2021-11-26,0.11554366334225241
2021-11-29,-0.009900990099009688
2021-11-30,0.054493307839387994
2021-12-01,0.005200057778419809
2021-12-02,-0.011616088282271342
2021-12-03,-0.0030142098464185363
2021-12-06,-0.04579278763594741
2021-12-07,-0.032293377120963696
2021-12-08,-0.005037115588547136
2021-12-09,0.01846478501714577
2021-12-10,-0.009809191077667201
2021-12-13,0.010113107119095188
2021-12-14,0.009275440247344724
2021-12-15,-0.002442333785617201
2021-12-16,-0.01543042772062786
2021-12-17,0.019994668088509804
2021-12-20,0.027203482045701666
2021-12-21,-0.0343959731543626
2021-12-22,-0.017707488510408265
2021-12-23,0.020419883118607728
2021-12-24,-0.009238776837995899
2021-12-27,0.03230890464933012
2021-12-28,0.004325699745546974
2021-12-29,0.0036736762097797637
2021-12-30,0.004039893952783702
2021-12-31,-0.02200427511630798
2022-01-03,0.0
2022-01-04,0.0
2022-01-05,0.0
2022-01-06,0.0
2022-01-07,-0.003077186242224322
2022-01-10,-0.010764525993884111
2022-01-11,0.035241746012117936
2022-01-12,-0.00015
2022-01-13,-0.0
2022-01-14,0.0
2022-01-17,0.004730316058564205
2022-01-18,0.011910268270120206
2022-01-19,0.010627356873499805
2022-01-20,-0.0006784260515600993
2022-01-21,-0.005544240778456722
2022-01-24,-0.0184321310729324
2022-01-25,0.02237162397125303
2022-01-26,0.01995464852607709
2022-01-27,-0.006891951978656996
2022-01-28,0.007723304231027628
2022-01-31,0.008359692724807966
2022-02-01,-0.001120322652924166
2022-02-02,0.003476895468819796
2022-02-03,0.0183301665362694
2022-02-04,0.023707606190319197
2022-02-07,-0.006218505414388287
2022-02-08,-0.020606322149098966
2022-02-09,0.008482044503194341
2022-02-10,-0.001529219006007776
2022-02-11,0.03314735805710556
2022-02-14,-0.00015
2022-02-15,-0.0
2022-02-16,0.0
2022-02-17,-0.0
2022-02-18,0.0
2022-02-21,0.0
2022-02-22,0.0
2022-02-23,0.0
2022-02-24,0.0
2022-02-25,-0.0
2022-02-28,0.0
2022-03-01,0.0
2022-03-02,0.0
2022-03-03,-0.0
2022-03-04,0.0
2022-03-07,0.0
2022-03-08,0.0
2022-03-09,-0.0
2022-03-10,-0.0
2022-03-11,0.0
2022-03-14,-0.0
2022-03-15,-0.0
2022-03-16,-0.0
2022-03-17,0.0
2022-03-18,0.0
2022-03-21,0.0
2022-03-22,-0.0
2022-03-23,0.0
2022-03-24,-0.0
2022-03-25,0.0
2022-03-28,-0.0
2022-03-29,-0.0
2022-03-30,0.0
2022-03-31,-0.0
2022-04-01,-0.0
2022-04-04,0.0
2022-04-05,-0.0
2022-04-06,-0.0
2022-04-07,-0.0
2022-04-08,0.0
2022-04-11,-0.0
2022-04-12,0.0
2022-04-13,0.0
2022-04-14,0.0
2022-04-18,0.0
2022-04-19,-0.0
2022-04-20,-0.0
2022-04-21,0.0
2022-04-22,-0.0
2022-04-25,-0.0
2022-04-26,0.0
2022-04-27,0.0
2022-04-28,0.0
2022-04-29,-0.0
2022-05-02,0.0
2022-05-03,-0.0
2022-05-04,0.0
2022-05-05,0.0
2022-05-06,0.0
2022-05-09,-0.0
2022-05-10,-0.0
2022-05-11,0.0
2022-05-12,-0.0
2022-05-13,0.0
2022-05-16,0.0
2022-05-17,-0.0
2022-05-18,-0.0
2022-05-19,0.0
2022-05-20,0.0
2022-05-23,0.0
2022-05-24,0.0
2022-05-25,0.0
2022-05-26,0.0
2022-05-27,0.0
2022-05-30,0.0
2022-05-31,-0.0
2022-06-01,0.0
2022-06-02,0.011200933012296726
2022-06-03,0.01794065130516098
2022-06-06,-0.0017540928833945646
2022-06-07,0.008869550665216108
2022-06-08,0.02496475076718907
2022-06-09,-0.004126881372390256
2022-06-10,-0.008612984480376618
2022-06-13,0.002130972871076109
2022-06-14,-0.008996483192933669
2022-06-15,-0.021952628538417174
2022-06-16,0.010969538435575021
2022-06-17,-0.05583841081712726
2022-06-20,-0.00015
2022-06-21,0.0
2022-06-22,-0.0
2022-06-23,-0.0
2022-06-24,0.0
2022-06-27,0.0
2022-06-28,0.0
2022-06-29,-0.0
2022-06-30,-0.0
2022-07-01,0.0
2022-07-04,0.0
2022-07-05,-0.0
2022-07-06,-0.0
2022-07-07,0.0
2022-07-08,0.0
2022-07-11,0.0
2022-07-12,-0.0
2022-07-13,0.0
2022-07-14,-0.0
2022-07-15,0.0
2022-07-18,0.0
2022-07-19,0.0
2022-07-20,-0.0
2022-07-21,-0.0
2022-07-22,-0.0
2022-07-25,0.0
2022-07-26,-0.0
2022-07-27,0.0
2022-07-28,0.0
2022-07-29,0.0
2022-08-01,-0.0
2022-08-02,0.0
2022-08-03,-0.0
2022-08-04,-0.0
2022-08-05,0.0
2022-08-08,0.0
2022-08-09,-0.0
2022-08-10,0.0
2022-08-11,0.0
2022-08-12,-0.0
2022-08-15,-0.0
2022-08-16,-0.0
2022-08-17,0.0
2022-08-18,0.0
2022-08-19,0.0
2022-08-22,-0.0
2022-08-23,0.0
2022-08-24,0.0
2022-08-25,-0.0
2022-08-26,0.0
2022-08-29,0.0
2022-08-30,-0.0
2022-08-31,-0.0
2022-09-01,-0.0
2022-09-02,0.0
2022-09-05,0.0
2022-09-06,-0.0
2022-09-07,-0.0
2022-09-08,0.0
2022-09-09,0.0
2022-09-12,0.0
2022-09-13,-0.0
2022-09-14,0.0
2022-09-15,-0.0
2022-09-16,0.0
2022-09-19,0.0
2022-09-20,-0.0
2022-09-21,-0.0
2022-09-22,0.0
2022-09-23,0.047495368118505285
2022-09-26,0.024260011607660892
2022-09-27,-0.026290744706161995
2022-09-28,-0.00015
2022-09-29,-0.0
2022-09-30,-0.0
2022-10-03,0.0
2022-10-04,0.0
2022-10-05,0.0
2022-10-06,0.0
2022-10-07,0.0
2022-10-10,-0.0
2022-10-11,-0.0
2022-10-12,-0.0
2022-10-13,0.0
2022-10-14,-0.0
2022-10-17,-0.0
2022-10-18,-0.0
2022-10-19,0.0
2022-10-20,-0.0
2022-10-21,0.0
2022-10-24,-0.002716844919786315
2022-10-25,0.0027879047823289316
2022-10-26,0.023203592814371232
2022-10-27,0.01327202424495777
2022-10-28,-0.012273102310230932
2022-10-31,-0.010237815932601202
2022-11-01,0.019825449843767107
2022-11-02,0.01595351294241909
2022-11-03,-0.015495008319467374
2022-11-04,0.04119573254462883
2022-11-07,-0.006594298468093784
2022-11-08,-0.02614379084967311
2022-11-09,-0.02841862416107399
2022-11-10,-0.00015
2022-11-11,0.0
2022-11-14,-0.0
2022-11-15,0.0
2022-11-16,-0.0
2022-11-17,-0.0
2022-11-18,-0.0
2022-11-21,0.0017901963022138702
2022-11-22,-0.010405946255002574
2022-11-23,0.033386147578089775
2022-11-24,0.0008195761620419795
2022-11-25,0.020037497070541366
2022-11-28,0.005261269879230146
2022-11-29,0.0019233080899146993
2022-11-30,-0.03228486646884288
2022-12-01,0.0010348395998622806
2022-12-02,0.015078268876611456
2022-12-05,0.03377351875657342
2022-12-06,0.0402757619738755
2022-12-07,-0.00015
2022-12-08,0.013067571595179555
2022-12-09,0.0006565988181225224
2022-12-12,-0.024835742444152764
2022-12-13,-0.00015
2022-12-14,0.0
2022-12-15,-0.0
2022-12-16,-0.0
2022-12-19,0.0
2022-12-20,0.0
2022-12-21,0.0
2022-12-22,0.01469184914841835
2022-12-23,-0.03630526055816219
2022-12-27,-0.00015
2022-12-28,-0.0
2022-12-29,0.006160275032741841
2022-12-30,-0.029355379822669336
2023-01-02,-0.0
2023-01-03,0.04434873705040143
2023-01-04,-0.00015
2023-01-05,0.0
2023-01-06,-0.0
2023-01-09,0.0
2023-01-10,0.0
2023-01-11,0.0
2023-01-12,0.0
2023-01-13,0.0
2023-01-16,-0.0
2023-01-17,0.0
2023-01-18,-0.0
2023-01-19,0.013735620145916765
2023-01-20,0.01706128133704765
2023-01-23,0.00639050553463405
2023-01-24,-0.023358657444154662
2023-01-25,-0.0001161035643794106
2023-01-26,0.015675801207617246
2023-01-27,-0.00926031782325376
2023-01-30,-0.020309254558042666
2023-01-31,-0.011660946745561762
2023-02-01,-0.03095761759887631
2023-02-02,-0.008087880251086643
2023-02-03,-0.027138858464159754
2023-02-06,0.013134851138353998
2023-02-07,0.03333744906778624
2023-02-08,0.01672840243756757
2023-02-09,-0.006933834763192093
2023-02-10,0.022366863905325385
2023-02-13,0.0025465910406297088
2023-02-14,-0.011892391178847772
2023-02-15,-0.002336994624912103
2023-02-16,-0.0028109627547434624
2023-02-17,0.024835071646699812
2023-02-20,-0.012891566265060384
2023-02-21,0.012132746520756577
2023-02-22,0.029500301023480113
2023-02-23,-0.019975186104218334
2023-02-24,-0.011555771803916759
2023-02-27,0.00853775853775851
2023-02-28,-0.017186738176499183
2023-03-01,-0.010305572198921364
2023-03-02,0.004918835250860421
2023-03-03,0.01274336283185784
2023-03-06,0.004077828265175221
2023-03-07,-0.03353446275237848
2023-03-08,-0.007563933245287591
2023-03-09,0.012644592305831226
2023-03-10,-0.014585120725579381
2023-03-13,0.024281227349601364
2023-03-14,0.04110437043456716
2023-03-15,0.048547449967721534
2023-03-16,-0.00015
2023-03-17,-0.0
2023-03-20,0.0
2023-03-21,0.0
2023-03-22,0.0
2023-03-23,-0.0
2023-03-24,-0.0
2023-03-27,0.0
2023-03-28,0.0
2023-03-29,-0.0
2023-03-30,-0.012796908533469282
2023-03-31,-0.016412213740458315
2023-04-03,-0.06308674427337602
2023-04-04,-0.00015
2023-04-05,0.0
2023-04-06,0.0
2023-04-10,-0.0
2023-04-11,0.0
2023-04-12,0.01994111085153581
2023-04-13,-0.014199015229588996
2023-04-14,-0.00015
2023-04-17,-0.0
2023-04-18,0.0
2023-04-19,-0.01961443317211255
2023-04-20,-0.024302213666987482
2023-04-21,0.006905055487053113
2023-04-24,0.013103110457996392
2023-04-25,-0.023691526652967587
2023-04-26,-0.03813297016218875
2023-04-27,-0.009052735229759612
2023-04-28,0.026675198159038703
2023-05-01,-0.01269762230797955
2023-05-02,0.05000891438658469
2023-05-03,-0.00015
2023-05-04,0.0
2023-05-05,0.0
2023-05-08,0.0
2023-05-09,0.0
2023-05-10,-0.0
2023-05-11,-0.0
2023-05-12,-0.0
2023-05-15,0.0
2023-05-16,-0.0
2023-05-17,0.0
2023-05-18,0.014143139293139245
2023-05-19,0.003691009754811625
2023-05-22,-0.0054247155332096675
2023-05-23,-0.011185682326622537
2023-05-24,-0.01978136387298224
2023-05-25,-0.0270993874425726
2023-05-26,-0.009347993705743718
2023-05-29,-0.0015594541910328719
2023-05-30,0.04580251719216277
2023-05-31,-0.00015
2023-06-01,0.022990495867768784
2023-06-02,-0.00015
2023-06-05,0.0
2023-06-06,-0.0
2023-06-07,0.0
2023-06-08,-0.0
2023-06-09,-0.015552843601895478
2023-06-12,-0.00015
2023-06-13,0.0
2023-06-14,-0.0
2023-06-15,0.0
2023-06-16,0.0
2023-06-19,-0.0
2023-06-20,-0.0
2023-06-21,0.0
2023-06-22,-0.0
2023-06-23,-0.0
2023-06-26,0.0
2023-06-27,-0.0
2023-06-28,-0.024644879601439035
2023-06-29,-0.00015
2023-06-30,0.011928915581800852
2023-07-03,0.009778238960349983
2023-07-04,-0.02143335565974569
2023-07-05,-0.0052459016393442415
2023-07-06,0.0016960208741031435
2023-07-07,0.025183533716675664
2023-07-10,-0.009940104498534663
2023-07-11,0.022010554768953527
2023-07-12,0.008942065491183815
2023-07-13,0.015603545125452811
2023-07-14,-0.018313667649951015
2023-07-17,-0.017152873419306047
2023-07-18,0.0143949044585987
2023-07-19,-0.0021348737912846305
2023-07-20,0.002265290712308188
2023-07-21,0.017955801104972302
2023-07-24,0.020599481929197028
2023-07-25,0.010877447425670761
2023-07-26,-0.008608321377331252
2023-07-27,0.015918958031837516
2023-07-28,0.00890313390313402
2023-07-31,0.012083876317972031
2023-08-01,-0.006086854734870584
2023-08-02,-0.02013897067483217
2023-08-03,0.023317307692307443
2023-08-04,0.012919896640827044
2023-08-07,-0.01043599257884964
2023-08-08,0.009725802671666228
2023-08-09,0.01601485435766503
2023-08-10,-0.013135351227869685
2023-08-11,0.004745370370370372
2023-08-14,-0.006911646123718529
2023-08-15,-0.015311448787843518
2023-08-16,-0.016963128754859058
2023-08-17,0.008028759736369073
2023-08-18,0.008083689966713825
2023-08-21,-0.004009433962264053
2023-08-22,-0.005091167416528375
2023-08-23,-0.0097584196120436
2023-08-24,0.0018026679485638741
2023-08-25,-0.013735700575816112
2023-08-28,-0.0010102272727274039
2023-08-29,-0.012974721629945429
2023-08-30,0.004027991577962154
2023-08-31,0.018653214453308253
2023-09-01,0.019808821835770818
2023-09-04,0.005081874647091977
2023-09-05,0.011685393258427323
2023-09-06,0.006219458018658308
2023-09-07,-0.00750551876379657
2023-09-08,0.008118327402135028
2023-09-11,-0.00011031439602871007
2023-09-12,0.01566637246248903
2023-09-13,-0.0019552465783185813
2023-09-14,0.01980844579886787
2023-09-15,0.0024546424759874785
2023-09-18,0.005323112956457043
2023-09-19,-0.0009530869427089028
2023-09-20,-0.008585965656137451
2023-09-21,-0.002459104030792414
2023-09-22,-0.0003215434083599922
2023-09-25,0.00021443122118558477
2023-09-26,0.007181905884874773
2023-09-27,0.027564921243081963
2023-09-28,-0.012118073537027318
2023-09-29,-0.009667024704618554
2023-10-02,-0.016160520607375273
2023-10-03,0.002315070003307218
2023-10-04,-0.05620325560932693
2023-10-05,-0.00015
2023-10-06,0.0
2023-10-09,0.0
2023-10-10,-0.0
2023-10-11,-0.0
2023-10-12,0.0
2023-10-13,0.0
2023-10-16,-0.0
2023-10-17,0.0
2023-10-18,0.0
2023-10-19,0.0
2023-10-20,-0.0
2023-10-23,-0.0
2023-10-24,-0.0
2023-10-25,0.0
2023-10-26,-0.0
2023-10-27,0.0
2023-10-30,-0.0
2023-10-31,-0.0
2023-11-01,-0.0
2023-11-02,0.0
2023-11-03,-0.0
2023-11-06,0.0
2023-11-07,-0.0
2023-11-08,-0.0
2023-11-09,0.0
2023-11-10,0.0
2023-11-13,0.0
2023-11-14,-0.0
2023-11-15,-0.0
2023-11-16,-0.0
2023-11-17,0.0
2023-11-20,0.0
2023-11-21,0.0
2023-11-22,-0.0
2023-11-23,-0.0
2023-11-24,-0.0
2023-11-27,-0.0
2023-11-28,0.0
2023-11-29,0.0
2023-11-30,-0.0
2023-12-01,-0.0
2023-12-04,-0.0
2023-12-05,0.010486934512366913
2023-12-06,0.03756476683937837
2023-12-07,-0.00015
2023-12-08,0.0
2023-12-11,0.0
2023-12-12,-0.0
2023-12-13,0.0
2023-12-14,0.0
2023-12-15,-0.0
2023-12-18,0.0
2023-12-19,0.0
2023-12-20,0.0
2023-12-21,-0.0
2023-12-22,-0.0
2023-12-26,0.0
2023-12-27,-0.0
2023-12-28,0.02989777470455111
2023-12-29,-0.00015
2024-01-02,0.014777310488058176
2024-01-03,-0.00015
2024-01-04,-0.0
2024-01-05,0.0
2024-01-08,-0.0
2024-01-09,0.0
2024-01-10,-0.0
2024-01-11,0.0
2024-01-12,0.0
2024-01-15,-0.0
2024-01-16,0.0
2024-01-17,-0.0
2024-01-18,0.015515125834617654
2024-01-19,0.006526801517067049
2024-01-22,-0.019093686354378914
2024-01-23,-0.0066702223332499085
2024-01-24,0.006159648020113373
2024-01-25,-0.030160069965017335
2024-01-26,0.013287286182215053
2024-01-29,-0.013764213046079887
2024-01-30,0.005703883495145723
2024-01-31,-0.02363636363636379
2024-02-01,-0.022967101179391602
2024-02-02,-0.00015
2024-02-05,0.0
2024-02-06,0.0
2024-02-07,0.0
2024-02-08,0.0
2024-02-09,0.0
2024-02-12,-0.0
2024-02-13,0.0
2024-02-14,-0.0
2024-02-15,0.01529117647058818
2024-02-16,0.0073618151098238105
2024-02-19,0.0010782317000117558
2024-02-20,-0.014600287218764718
2024-02-21,0.008379888268156499
2024-02-22,0.007708057328676077
2024-02-23,-0.02450101589578102
2024-02-26,-0.011449228130360234
2024-02-27,0.013270822731128418
2024-02-28,0.00035863717872097745
2024-02-29,-0.002921485088253295
2024-03-01,0.02002197533878669
2024-03-04,-0.008976660682226023
2024-03-05,-0.009178743961352875
2024-03-06,0.011214041930765362
2024-03-07,0.0
2024-03-08,-0.01060752169720336
2024-03-11,0.0015838206627680762
2024-03-12,-0.0035275513927744973
2024-03-13,0.025756835937499778
2024-03-14,0.016541711293585948
2024-03-15,-0.0009365488176070746
2024-03-18,0.01816264354347319
2024-03-19,0.005639314075267521
2024-03-20,-0.016365300984206854
2024-03-21,-0.0019778941244910087
2024-03-22,-0.004080205176031582
2024-03-25,0.015451246634671678
2024-03-26,-0.0057636887608069065
2024-03-27,-0.0018550724637680371
2024-03-28,0.01861608710923801
2024-04-01,0.004827586206896273
2024-04-02,0.01715854495538771
2024-04-03,0.004835807467386655
2024-04-04,0.014549524342473363
2024-04-05,0.005736348593491369
2024-04-08,-0.008665131073818166
2024-04-09,-0.010621818986501497
2024-04-10,0.011854171326324936
2024-04-11,-0.008178603006189
2024-04-12,0.007911745041230267
2024-04-15,-0.003869541182974001
2024-04-16,-0.0008879023307439837
2024-04-17,-0.030326594090201997
2024-04-18,-0.0020620918776492747
2024-04-19,0.002066352887154288
2024-04-22,-0.0033222591362125353
2024-04-23,0.01632183908045981
2024-04-24,-0.004523863379326198
2024-04-25,0.011247443762781417
2024-04-26,0.005504999438265434
2024-04-29,-0.01229050279329591
2024-04-30,-0.00997706422018374
2024-05-01,0.033176195992123146
2024-05-02,-0.00015
2024-05-03,-0.0
2024-05-06,0.0
2024-05-07,-0.0
2024-05-08,-0.005200505050505416
2024-05-09,-0.003589375448671772
2024-05-10,0.012994754411063125
2024-05-13,-0.006884889479405354
2024-05-14,0.011756238003838959
2024-05-15,-0.004491381403253225
2024-05-16,-0.0062839879154077405
2024-05-17,-0.008526480124895208
2024-05-20,0.0032150512026676292
2024-05-21,0.009915183371162373
2024-05-22,0.011824324324324231
2024-05-23,0.006593406593406681
2024-05-24,-0.009341199606686335
2024-05-27,-0.011933755479785368
2024-05-28,-0.013477737665463563
2024-05-29,0.0073616718119213775
2024-05-30,-0.021113397129186397
2024-05-31,0.009104005862237441
