feature,ic,abs_ic,ic_tstat,ic_stability,coverage
rolling_kurt_14,-0.05389281887286421,0.05389281887286421,-2.506614689944763,0.8857442348008385,0.9931002759889604
vol_of_vol_252,0.051833109307889015,0.051833109307889015,2.119773570864532,0.6025369978858351,0.7681692732290708
vol_of_vol_120,0.05150258386746246,0.05150258386746246,2.266779784393149,0.6262626262626263,0.889604415823367
vol_60,0.046887377837290814,0.046887377837290814,2.156641559334862,0.8404940923737916,0.9719411223551058
rv_60,0.04688737783729078,0.04688737783729078,2.1566415593348602,0.8404940923737916,0.9719411223551058
ret_lag_20,0.04587916531257276,0.04587916531257276,2.1295718261898213,0.7190952130457654,0.9898804047838087
rolling_kurt_20,-0.045250919973743385,0.045250919973743385,-2.100838727473028,0.841745531019979,0.9903403863845446
log_ret_lag_20,0.04492573621763045,0.04492573621763045,2.0852260830370746,0.7190952130457654,0.9898804047838087
is_month_03,-0.04358273081585986,0.04358273081585986,-2.0326247252291547,0.5057232049947971,0.999540018399264
slope_120,-0.04274696409756187,0.04274696409756187,-1.938166627760461,0.8369384359400999,0.9448022079116836
log_ret_lag_3,0.04270257642824873,0.04270257642824873,1.9896645673815012,0.6730969760166841,0.9977000919963201
rolling_kurt_7,-0.041937907155804935,0.041937907155804935,-1.952619554955788,0.8835509138381201,0.9963201471941122
rolling_skew_180,-0.04130174933684759,0.04130174933684759,-1.8444836512259903,0.6228473019517795,0.9167433302667893
rolling_skew_252,-0.04119907764814436,0.04119907764814436,-1.806316594311366,0.5838323353293413,0.8836246550137995
ret_lag_3,0.04106896794280577,0.04106896794280577,1.9134177909207972,0.6699687174139729,0.9977000919963201
ac1_60,-0.040948148091702406,0.040948148091702406,-1.8825213067585955,0.6990865126276196,0.9714811407543699
vol_90,0.03971966165101818,0.03971966165101818,1.8133616786100668,0.7811135371179039,0.9581416743330267
rv_90,0.03971966165101818,0.03971966165101818,1.8133616786100668,0.7811135371179039,0.9581416743330267
var_ratio_14,-0.03966537582843381,0.03966537582843381,-1.835512472539595,0.7517204870301747,0.984360625574977
rolling_kurt_120,-0.03918119246231644,0.03918119246231644,-1.7758001681410733,0.7430632630410655,0.9443422263109476
is_dow_3,0.038999677636997215,0.038999677636997215,1.8185341285556216,0.7648283038501561,0.999540018399264
vol_pct_180,-0.03795796496723115,0.03795796496723115,-1.5844941411392353,0.7310529845741114,0.8012879484820608
vol_42,0.03717879715301281,0.03717879715301281,1.7166569963994691,0.7414893617021276,0.9802207911683533
rv_42,0.03717879715301281,0.03717879715301281,1.7166569963994691,0.7414893617021276,0.9802207911683533
ret_lag_10,-0.03703455614905945,0.03703455614905945,-1.7223922163980454,0.6886446886446886,0.9944802207911684
log_ret_lag_10,-0.0364172018705499,0.0364172018705499,-1.6936420336189955,0.6896912611198326,0.9944802207911684
hurst_60,-0.036385979190573084,0.036385979190573084,-1.6732803231299125,0.7316156736446592,0.9724011039558418
vol_40,0.03633408768057468,0.03633408768057468,1.678389850175445,0.7369819341126461,0.9811407543698252
rv_40,0.036334087680574646,0.036334087680574646,1.6783898501754433,0.7369819341126461,0.9811407543698252
vol_3,0.03591879274329126,0.03591879274329126,1.673523078097024,0.6784783741532048,0.9981600735970562
rv_3,0.035918792743291246,0.035918792743291246,1.6735230780970234,0.6784783741532048,0.9981600735970562
var_ratio_10,-0.035037533464742386,0.035037533464742386,-1.6225944971194193,0.7786582144743793,0.9862005519779209
log_ret_sum_90,-0.03502117182504836,0.03502117182504836,-1.598575691086114,0.8804585152838428,0.9581416743330267
distance_low_2,0.034567212127190265,0.034567212127190265,1.6112162909354568,0.6777719937532535,0.9990800367985281
rolling_kurt_180,-0.03409780265707248,0.03409780265707248,-1.522350444149832,0.6394948335246843,0.9167433302667893
rv_252,0.03385718225385784,0.03385718225385784,1.4840118173223655,0.6329341317365269,0.8836246550137995
vol_252,0.03385718225385783,0.03385718225385783,1.484011817322365,0.6329341317365269,0.8836246550137995
ret_lag_1,-0.03312396505054294,0.03312396505054294,-1.5435136619537613,0.6729166666666667,0.9986200551977921
var_ratio_120,0.032943900480025406,0.032943900480025406,1.4488198127452852,0.5935828877005348,0.889604415823367
log_ret_lag_1,-0.03240549589754407,0.03240549589754407,-1.509998783614016,0.6729166666666667,0.9986200551977921
ac5_7,0.03234390633743848,0.03234390633743848,1.5036476317980387,0.6298429319371728,0.9940202391904324
log_ret_lag_5,-0.03177097562726548,0.03177097562726548,-1.4790361867328374,0.6236951983298539,0.9967801287948482
ac5_3,0.03164085595450181,0.03164085595450181,1.472292120542548,0.7445141065830722,0.9958601655933763
ret_lag_5,-0.03145864003914205,0.03145864003914205,-1.4644815333868362,0.6247390396659708,0.9967801287948482
slope_90,-0.03140622845096853,0.03140622845096853,-1.4337401167268375,0.839607201309329,0.9586016559337627
drawdown_3,-0.030906378213268096,0.030906378213268096,-1.44007599148349,0.7182291666666667,0.9986200551977921
distance_high_3,-0.030906378213268096,0.030906378213268096,-1.44007599148349,0.7182291666666667,0.9986200551977921
vol_2,0.030651432133693313,0.030651432133693313,1.4281856165969082,0.6682291666666667,0.9986200551977921
rv_2,0.030651432133693292,0.030651432133693292,1.4281856165969073,0.6682291666666667,0.9986200551977921
rolling_skew_10,0.03051161443435151,0.03051161443435151,1.419040597403687,0.6924686192468619,0.9949402023919043
distance_high_252,-0.03044889337002701,0.03044889337002701,-1.3348225839156767,0.9245960502692998,0.8840846366145354
drawdown_252,-0.03044889337002701,0.03044889337002701,-1.3348225839156767,0.9245960502692998,0.8840846366145354
vol_of_vol_180,0.029922904888005825,0.029922904888005825,1.2743166725962602,0.5674984005118362,0.8344066237350506
drawdown_120,-0.02974774659399161,0.02974774659399161,-1.3481400053731247,0.9245701608430393,0.9448022079116836
distance_high_120,-0.02974774659399161,0.02974774659399161,-1.3481400053731247,0.9245701608430393,0.9448022079116836
ac5_5,0.02963700081029561,0.02963700081029561,1.3783275945598823,0.6490585774058577,0.9949402023919043
ac5_60,-0.0286700904578682,0.0286700904578682,-1.3162452272534144,0.7980613893376414,0.9696412143514259
distance_high_2,-0.028456552324063532,0.028456552324063532,-1.3261359862092827,0.6970327954190526,0.9990800367985281
drawdown_2,-0.028456552324063532,0.028456552324063532,-1.3261359862092827,0.6970327954190526,0.9990800367985281
distance_low_40,0.02830920131341117,0.02830920131341117,1.3076614199850276,0.32501327668613916,0.9816007359705612
ret_90d,-0.0278526968206476,0.0278526968206476,-1.2710768652374327,0.8755458515283843,0.9581416743330267
comp_ret_90,-0.02785269682064756,0.02785269682064756,-1.271076865237431,0.8755458515283843,0.9581416743330267
rolling_kurt_30,-0.027588379353602192,0.027588379353602192,-1.2770263558244597,0.7959830866807611,0.9857405703771849
vol_of_vol_90,0.027500286045683667,0.027500286045683667,1.2278523941443953,0.5398737808376363,0.9172033118675254
ac5_40,-0.02741970115409173,0.02741970115409173,-1.2647586799027513,0.7298881193393714,0.9788408463661453
distance_low_42,0.027411225415191875,0.027411225415191875,1.2655563089140878,0.3423710792131845,0.9806807727690893
vol_of_vol_7,-0.02740956449991675,0.02740956449991675,-1.2737701171114963,0.5652173913043478,0.9935602575896965
is_quarter_2,0.027394155349964186,0.027394155349964186,1.2768822301284457,0.6160249739854319,0.999540018399264
log_ret_sum_120,-0.027187766319152134,0.027187766319152134,-1.2317339947942063,0.8690344062153164,0.9443422263109476
rolling_skew_5,0.02666408082239581,0.02666408082239581,1.2413958350825804,0.5607720396452791,0.9972401103955841
distance_low_60,0.02664840313992891,0.02664840313992891,1.225102442919238,0.3896940418679549,0.9724011039558418
is_first_trading_day,0.026570714133575875,0.026570714133575875,1.2384728758503738,0.5749219562955254,0.999540018399264
ac1_180,0.026400453475932777,0.026400453475932777,1.1781194496550638,0.6714531878230902,0.9162833486660533
ac5_42,-0.02631104747849671,0.02631104747849671,-1.2130138827585055,0.7258666666666667,0.9779208831646734
distance_high_90,-0.025941025336527222,0.025941025336527222,-1.1840599073531666,0.9165302782324058,0.9586016559337627
drawdown_90,-0.025941025336527222,0.025941025336527222,-1.1840599073531666,0.9165302782324058,0.9586016559337627
is_dow_0,-0.025906190745648882,0.025906190745648882,-1.2074780750154153,0.6529656607700313,0.999540018399264
var_ratio_180,0.025757585563186917,0.025757585563186917,1.0968023257200987,0.653870761356366,0.8344066237350506
rolling_sharpe_42,0.02545776411023755,0.02545776411023755,1.1750297623782242,0.4122340425531915,0.9802207911683533
slope_40,0.02533465603442935,0.02533465603442935,1.1701675003255707,0.36537440254912373,0.9816007359705612
ac1_42,-0.025308199956765965,0.025308199956765965,-1.1678476666723352,0.7525279403938265,0.9797608095676172
vol_pct_90,0.025283610302557838,0.025283610302557838,1.081940781462491,0.8406072106261859,0.8426862925482981
rolling_kurt_252,-0.02521935653653716,0.02521935653653716,-1.105120517199399,0.5538922155688623,0.8836246550137995
distance_low_30,0.0251486387945197,0.0251486387945197,1.1642911480020643,0.3380876914949815,0.9862005519779209
slope_42,0.024976841053610022,0.024976841053610022,1.1530889751275952,0.39606592238171184,0.9806807727690893
slope_3,-0.024955187664911258,0.024955187664911258,-1.1625881425467899,0.778125,0.9986200551977921
log_ret_sum_2,-0.024955187664911255,0.024955187664911255,-1.1625881425467897,0.778125,0.9986200551977921
ac1_40,-0.02467567452527507,0.02467567452527507,-1.1391767004132263,0.7017543859649122,0.9806807727690893
n_day_in_month,-0.024520714428625537,0.024520714428625537,-1.1428615813537228,0.6389177939646202,0.999540018399264
rolling_skew_3,0.024386106636500683,0.024386106636500683,1.1357984704953734,0.48045857217300675,0.9981600735970562
rolling_sharpe_40,0.024168954861196273,0.024168954861196273,1.1160315612126317,0.37619553666312433,0.9811407543698252
pre_opec_season_proxy,-0.023911577181993857,0.023911577181993857,-1.1144544604625595,0.5442247658688866,0.999540018399264
week_of_month,-0.023717721700285445,0.023717721700285445,-1.1054142703882923,0.6149843912591051,0.999540018399264
ema_ratio_252,-0.023456557528045232,0.023456557528045232,-1.0932354269926217,0.9183142559833507,0.999540018399264
rolling_skew_30,0.023430779889221792,0.023430779889221792,1.0844619651040843,0.7399577167019028,0.9857405703771849
vol_pct_2,0.023274136119655158,0.023274136119655158,1.0195664328204326,0.5847813061713601,0.8831646734130635
distance_low_252,0.02324836089845697,0.02324836089845697,1.0189675413365196,0.2956313584679832,0.8840846366145354
rolling_kurt_10,-0.02322584936432287,0.02322584936432287,-1.079981106756405,0.7583682008368201,0.9949402023919043
hurst_120,0.023093330580458548,0.023093330580458548,1.0463839911527588,0.831946755407654,0.9448022079116836
ac5_30,-0.022806361373746885,0.022806361373746885,-1.0543130932632325,0.7350291467938527,0.983440662373505
dow_cos,-0.022335349150207535,0.022335349150207535,-1.0409527392347466,0.6113423517169615,0.999540018399264
log_ret_sum_252,-0.022175493145648373,0.022175493145648373,-0.9716672898646825,0.8988023952095808,0.8836246550137995
momentum_vol_adj_42,0.02200747400387488,0.02200747400387488,1.0156947892003987,0.4095744680851064,0.9802207911683533
dow_sin,0.021871288661703184,0.021871288661703184,1.0193144530549667,0.4172736732570239,0.999540018399264
rolling_kurt_42,-0.02186639045699128,0.02186639045699128,-1.009180338987118,0.6191489361702127,0.9802207911683533
rv_30,0.021760638284973644,0.021760638284973644,1.0071236922160383,0.7357293868921776,0.9857405703771849
vol_30,0.02176063828497361,0.02176063828497361,1.0071236922160367,0.7357293868921776,0.9857405703771849
vol_of_vol_10,-0.02146533167103776,0.02146533167103776,-0.9959987944920987,0.5270625328428796,0.9908003679852806
var_ratio_2,-0.02135588938991111,0.02135588938991111,-0.9904577409455481,0.7085744345081536,0.9898804047838087
rolling_kurt_60,-0.021305669049132798,0.021305669049132798,-0.9791244275808275,0.5682062298603652,0.9719411223551058
comp_ret_2,-0.02129641245686122,0.02129641245686122,-0.9920526740525634,0.7395833333333334,0.9986200551977921
ret_2d,-0.02129641245686119,0.02129641245686119,-0.9920526740525619,0.7395833333333334,0.9986200551977921
ema_ratio_180,-0.02125602579079214,0.02125602579079214,-0.9906268921333278,0.9089490114464099,0.999540018399264
sma_ratio_120,-0.02117645056346484,0.02117645056346484,-0.9594873354470996,0.8840820854132002,0.9448022079116836
log_ret_sum_30,0.02111538779260652,0.02111538779260652,0.9772467487846913,0.26215644820295986,0.9857405703771849
rv_120,0.021001287666467267,0.021001287666467267,0.9513154471502531,0.6520532741398446,0.9443422263109476
vol_120,0.02100128766646726,0.02100128766646726,0.9513154471502528,0.6520532741398446,0.9443422263109476
rolling_skew_14,0.020975938666949554,0.020975938666949554,0.974410691863263,0.6310272536687631,0.9931002759889604
rolling_skew_42,0.02066120232067966,0.02066120232067966,0.9535339005742637,0.7079787234042553,0.9802207911683533
rolling_kurt_40,-0.02065591987614417,0.02065591987614417,-0.953737665823471,0.5706695005313497,0.9811407543698252
entropy_120,0.020576451403268383,0.020576451403268383,0.9320629964820332,0.7158712541620422,0.9443422263109476
ac5_180,-0.020520392393128684,0.020520392393128684,-0.9146748550821162,0.5814622913068509,0.9144434222631095
vol_regime_high,-0.020449399352245625,0.020449399352245625,-0.9530184164368248,0.5509056839475328,0.999540018399264
is_month_02,0.020424815305495145,0.020424815305495145,0.9518722295569618,0.6311134235171696,0.999540018399264
comp_ret_42,0.020329922138911386,0.020329922138911386,0.938238635784585,0.3228723404255319,0.9802207911683533
ret_42d,0.020329922138911355,0.020329922138911355,0.9382386357845836,0.3228723404255319,0.9802207911683533
momentum_vol_adj_40,0.019902196702501363,0.019902196702501363,0.9189222506895276,0.3804463336875664,0.9811407543698252
vol_pct_20,-0.019323796915666557,0.019323796915666557,-0.8424620858108745,0.6371895820714718,0.874885004599816
is_month_07,-0.01901464757564954,0.01901464757564954,-0.8861285259461981,0.6420395421436004,0.999540018399264
comp_ret_120,-0.018877741315025304,0.018877741315025304,-0.8550869119500318,0.8684794672586016,0.9443422263109476
ret_120d,-0.0188777413150252,0.0188777413150252,-0.8550869119500271,0.8684794672586016,0.9443422263109476
rolling_kurt_90,-0.01883501651251282,0.01883501651251282,-0.8593678333341592,0.6975982532751092,0.9581416743330267
log_ret_sum_3,-0.018764336327003275,0.018764336327003275,-0.8738548853500167,0.8066701406982804,0.9981600735970562
ac5_10,0.018716979661168087,0.018716979661168087,0.8692330529411305,0.670162558993183,0.9926402943882244
ema_ratio_120,-0.018656310537028643,0.018656310537028643,-0.8694232837931294,0.8860561914672217,0.999540018399264
is_month_11,-0.018567402610366695,0.018567402610366695,-0.8652785552298061,0.5130072840790842,0.999540018399264
comp_ret_30,0.018364693250316075,0.018364693250316075,0.8498949723408183,0.26479915433403806,0.9857405703771849
ret_30d,0.018364693250315985,0.018364693250315985,0.8498949723408141,0.26479915433403806,0.9857405703771849
distance_low_5,0.018094522122801587,0.018094522122801587,0.8424568807136924,0.48331595411887385,0.9977000919963201
ac5_14,0.018053082500348566,0.018053082500348566,0.8376127570630856,0.649500788229112,0.9908003679852806
macd_hist,-0.018044018722556503,0.018044018722556503,-0.8408797472214705,0.6077003121748179,0.999540018399264
ret_7d,-0.018017351076228778,0.018017351076228778,-0.8382818672936229,0.622976501305483,0.9963201471941122
comp_ret_7,-0.018017351076228757,0.018017351076228757,-0.838281867293622,0.622976501305483,0.9963201471941122
log_ret_sum_42,0.017876216947561037,0.017876216947561037,0.8249599212012284,0.324468085106383,0.9802207911683533
vol_180,0.01778825529524412,0.01778825529524412,0.7938486395072191,0.4770378874856487,0.9167433302667893
rv_180,0.017788255295244117,0.017788255295244117,0.7938486395072188,0.4770378874856487,0.9167433302667893
is_month_start,0.01771954447350292,0.01771954447350292,0.8257539424544184,0.4011446409989594,0.999540018399264
is_dow_4,-0.017606092484339437,0.017606092484339437,-0.8204652867798701,0.4183142559833507,0.999540018399264
trend_strength_60,0.017435546234272625,0.017435546234272625,0.8013985220969175,0.644122383252818,0.9724011039558418
slope_180,-0.0173155774455965,0.0173155774455965,-0.7729417445208732,0.8479632816982214,0.9172033118675254
vol_pct_60,0.01721688171690062,0.01721688171690062,0.7426348820225612,0.7839851024208566,0.8564857405703772
z_price_180,0.017199656943069314,0.017199656943069314,0.7677656885045399,0.34710269650028686,0.9172033118675254
distance_low_180,0.017129696398430386,0.017129696398430386,0.7646418411139795,0.3029259896729776,0.9172033118675254
is_month_05,0.017120082765580583,0.017120082765580583,0.7978099092999992,0.49323621227887615,0.999540018399264
vol_of_vol_30,-0.017035809325800025,0.017035809325800025,-0.7830198230334745,0.6822329575952765,0.9724011039558418
rv_10,0.017000558284388137,0.017000558284388137,0.7904116553025231,0.7384937238493724,0.9949402023919043
vol_10,0.017000558284388123,0.017000558284388123,0.7904116553025226,0.7384937238493724,0.9949402023919043
ac1_7,0.01696404997454519,0.01696404997454519,0.7890786671107343,0.7434691745036572,0.9958601655933763
momentum_vol_adj_90,-0.016930078410885646,0.016930078410885646,-0.7724266672400265,0.8258733624454149,0.9581416743330267
var_ratio_7,-0.016899857914648264,0.016899857914648264,-0.7828142608908933,0.6123417721518988,0.9875804967801288
rolling_skew_120,-0.016790439921471476,0.016790439921471476,-0.7605121063362766,0.5022197558268591,0.9443422263109476
rolling_skew_60,0.01667045555828077,0.01667045555828077,0.766040867158804,0.6095596133190118,0.9719411223551058
rolling_sharpe_90,-0.01651934942603184,0.01651934942603184,-0.7536821765222135,0.8564410480349345,0.9581416743330267
distance_high_180,-0.016428142756255995,0.016428142756255995,-0.7333169907518797,0.8519793459552496,0.9172033118675254
drawdown_180,-0.016428142756255995,0.016428142756255995,-0.7333169907518797,0.8519793459552496,0.9172033118675254
z_price_252,0.016403923093587545,0.016403923093587545,0.7188806246259974,0.27588270496708556,0.8840846366145354
distance_high_20,-0.016353114960225148,0.016353114960225148,-0.7587168016013116,0.7025748817656332,0.9908003679852806
drawdown_20,-0.016353114960225148,0.016353114960225148,-0.7587168016013116,0.7025748817656332,0.9908003679852806
is_month_04,0.0160737471200983,0.0160737471200983,0.7490367979408286,0.595213319458897,0.999540018399264
ema_ratio_90,-0.016066970513042064,0.016066970513042064,-0.7487209264165636,0.8569198751300728,0.999540018399264
rolling_skew_40,0.015881663517400228,0.015881663517400228,0.733233827288532,0.6907545164718385,0.9811407543698252
rolling_skew_20,0.01587609011130129,0.01587609011130129,0.7364080025962969,0.6324921135646687,0.9903403863845446
rsi_14,0.015859729447843526,0.015859729447843526,0.738890814117317,0.30609057782404997,0.9990800367985281
turn_of_month,0.01585342571941754,0.01585342571941754,0.7387672191727945,0.5369406867845994,0.999540018399264
comp_ret_40,0.01577661280635412,0.01577661280635412,0.7283825737947771,0.30233793836344314,0.9811407543698252
ret_40d,0.01577661280635409,0.01577661280635409,0.7283825737947757,0.30233793836344314,0.9811407543698252
vol_20,0.0156001473543785,0.0156001473543785,0.723605331666762,0.6403785488958991,0.9903403863845446
rv_20,0.015600147354378481,0.015600147354378481,0.7236053316667611,0.6403785488958991,0.9903403863845446
rsi_20,0.015472671459931106,0.015472671459931106,0.7208537515168771,0.30400832899531494,0.9990800367985281
sma_ratio_3,-0.015290143505372833,0.015290143505372833,-0.7121838317815801,0.665625,0.9986200551977921
log_ret_sum_40,0.015218380013271396,0.015218380013271396,0.7026037223271836,0.2970244420828905,0.9811407543698252
drawdown_60,-0.015142221142937692,0.015142221142937692,-0.6959632959002389,0.8013955984970478,0.9724011039558418
distance_high_60,-0.015142221142937692,0.015142221142937692,-0.6959632959002389,0.8013955984970478,0.9724011039558418
ac1_90,-0.014996413435838669,0.014996413435838669,-0.6840186021893488,0.6127799016930638,0.9576816927322908
breakout_pos_30,0.014896253450050368,0.014896253450050368,0.6895011202957552,0.3507659799260433,0.9862005519779209
day_of_week,0.014894848609475812,0.014894848609475812,0.6940874406674528,0.568678459937565,0.999540018399264
ret_252d,-0.014800289901665768,0.014800289901665768,-0.6484183259611694,0.8976047904191616,0.8836246550137995
comp_ret_252,-0.014800289901665736,0.014800289901665736,-0.648418325961168,0.8976047904191616,0.8836246550137995
slope_14,-0.014662431155280589,0.014662431155280589,-0.6812058909046073,0.6155055002619172,0.9935602575896965
ret_3d,-0.014545633004401932,0.014545633004401932,-0.6773423226725762,0.7957269411151642,0.9981600735970562
comp_ret_3,-0.014545633004401896,0.014545633004401896,-0.6773423226725745,0.7957269411151642,0.9981600735970562
slope_30,0.014525063635926302,0.014525063635926302,0.6723162293524225,0.3555203380876915,0.9862005519779209
sma_ratio_14,-0.014394341810785482,0.014394341810785482,-0.6687480496127245,0.6574122577265584,0.9935602575896965
log_ret_sum_60,-0.014311141341638377,0.014311141341638377,-0.6576016070227458,0.8834586466165414,0.9719411223551058
ret_10d,-0.014307892283889144,0.014307892283889144,-0.6651927442298776,0.6035564853556485,0.9949402023919043
comp_ret_10,-0.014307892283889087,0.014307892283889087,-0.665192744229875,0.6035564853556485,0.9949402023919043
ac1_252,0.014189043675695219,0.014189043675695219,0.621471402983931,0.554823247453565,0.8831646734130635
is_month_09,0.014149244912563433,0.014149244912563433,0.6593357937108205,0.7388137356919875,0.999540018399264
entropy_60,0.014089113431944418,0.014089113431944418,0.6473973106935709,0.5601503759398496,0.9719411223551058
sma_ratio_40,0.014084897491348643,0.014084897491348643,0.6504147381400271,0.2830589484864578,0.9816007359705612
sma_ratio_42,0.013887077264513915,0.013887077264513915,0.640977130611615,0.28654970760233917,0.9806807727690893
var_ratio_90,-0.013807963206214217,0.013807963206214217,-0.6163333857411181,0.6167527251864601,0.9172033118675254
rsi_10,0.013527361802621747,0.013527361802621747,0.6302062588779662,0.3107756376887038,0.9990800367985281
log_ret_sum_7,-0.01347176966106952,0.01347176966106952,-0.6267476153573016,0.6308093994778068,0.9963201471941122
trend_strength_120,0.013379447537324469,0.013379447537324469,0.6061299364246507,0.45202440377149194,0.9448022079116836
is_quarter_1,-0.013338021277321775,0.013338021277321775,-0.621526931891745,0.4214360041623309,0.999540018399264
distance_low_90,0.013276801335726826,0.013276801335726826,0.6058597483065654,0.33060556464811786,0.9586016559337627
breakout_pos_42,0.013252514973127348,0.013252514973127348,0.611682768106207,0.3487506645401382,0.9806807727690893
breakout_pos_40,0.01316745304445716,0.01316745304445716,0.6080412331936589,0.34784917684545935,0.9816007359705612
is_quarter_4,-0.013100376604844283,0.013100376604844283,-0.6104512150267484,0.4906347554630593,0.999540018399264
vol_of_vol_60,0.012960312187067117,0.012960312187067117,0.587138580264469,0.408763172490294,0.9448022079116836
drawdown_14,-0.012572112136519887,0.012572112136519887,-0.5840745604002642,0.6699842849659507,0.9935602575896965
distance_high_14,-0.012572112136519887,0.012572112136519887,-0.5840745604002642,0.6699842849659507,0.9935602575896965
ac5_2,0.012484473484541266,0.012484473484541266,0.5808081571520407,0.5968668407310705,0.9963201471941122
slope_252,-0.012239088037019041,0.012239088037019041,-0.5363301394581422,0.8438061041292639,0.8840846366145354
var_ratio_3,-0.012190379310233325,0.012190379310233325,-0.5651551617625763,0.5489473684210526,0.9894204231830727
vol_pct_3,0.01216411760423298,0.01216411760423298,0.532627762223625,0.5329736211031175,0.8827046918123275
rolling_kurt_5,-0.012105033100771422,0.012105033100771422,-0.563413214407073,0.7073552425665102,0.9972401103955841
ac5_20,-0.01209732883802154,0.01209732883802154,-0.5604490350230239,0.680021085925145,0.9880404783808647
sma_ratio_180,-0.011959967731395706,0.011959967731395706,-0.533833394561566,0.8634538152610441,0.9172033118675254
vol_of_vol_20,-0.011883961401216992,0.011883961401216992,-0.5487638600316995,0.5045140732873075,0.9816007359705612
rolling_sharpe_30,0.011737627288704915,0.011737627288704915,0.5431484787482357,0.3192389006342495,0.9857405703771849
var_ratio_252,0.011706770016819442,0.011706770016819442,0.4781507831946847,0.4383368569415081,0.7681692732290708
ema_ratio_2,-0.011573043622531988,0.011573043622531988,-0.5392704056164196,0.6404786680541104,0.999540018399264
distance_low_10,-0.011554239292779713,0.011554239292779713,-0.5372769309849869,0.5797177208572922,0.9954001839926403
rsi_30,0.011293125967561053,0.011293125967561053,0.5261041588919808,0.3008849557522124,0.9990800367985281
breakout_pos_120,-0.010891740333713977,0.010891740333713977,-0.4934142851269656,0.670549084858569,0.9448022079116836
ac1_30,-0.01066157454372077,0.01066157454372077,-0.4932339008496957,0.5610787942887361,0.985280588776449
ema_ratio_60,-0.010657113493648005,0.010657113493648005,-0.4965856509435974,0.7424557752341311,0.999540018399264
is_month_10,-0.010611048153541625,0.010611048153541625,-0.49443891876911905,0.4672216441207076,0.999540018399264
sma_ratio_10,-0.01058931182963536,0.01058931182963536,-0.4924021415308284,0.6607422895974908,0.9954001839926403
sma_ratio_90,-0.010510646907567908,0.010510646907567908,-0.47961615125888923,0.8641571194762684,0.9586016559337627
ema_ratio_3,-0.010298809888881502,0.010298809888881502,-0.47988810602777526,0.7237252861602498,0.999540018399264
distance_low_3,0.01014586547795581,0.01014586547795581,0.4725428864476667,0.5119791666666667,0.9986200551977921
log_ret_sum_10,-0.009806316423182524,0.009806316423182524,-0.45588380959103575,0.6014644351464435,0.9949402023919043
vol_of_vol_42,0.009605308798189686,0.009605308798189686,0.4389313633127735,0.521479064709081,0.9613615455381784
distance_high_30,0.00959329572178816,0.00959329572178816,0.4440149066807006,0.3011093502377179,0.9862005519779209
drawdown_30,0.00959329572178816,0.00959329572178816,0.4440149066807006,0.3011093502377179,0.9862005519779209
sma_ratio_252,-0.009532542681812629,0.009532542681812629,-0.4177140717149863,0.8755236385397965,0.8840846366145354
macd_signal,0.009502498006342407,0.009502498006342407,0.44277929823545253,0.30437044745057235,0.999540018399264
var_ratio_40,0.009465030369046088,0.009465030369046088,0.43293461033991976,0.5860010851871947,0.9632014719411224
momentum_vol_adj_180,0.00939259329482889,0.00939259329482889,0.41912185276828134,0.23880597014925373,0.9167433302667893
is_month_06,0.009355391049158033,0.009355391049158033,0.43592408379968184,0.5936524453694069,0.999540018399264
rolling_skew_7,0.009350688955465043,0.009350688955465043,0.4350019723639757,0.6402088772845953,0.9963201471941122
comp_ret_60,-0.009337798705126393,0.009337798705126393,-0.4290496570177676,0.8673469387755102,0.9719411223551058
ret_60d,-0.009337798705126368,0.009337798705126368,-0.4290496570177665,0.8673469387755102,0.9719411223551058
ac1_20,-0.009316519140819018,0.009316519140819018,-0.4320079701084655,0.4860599684376644,0.9898804047838087
distance_high_40,0.009210973448925101,0.009210973448925101,0.4253217132507313,0.3053637812002124,0.9816007359705612
drawdown_40,0.009210973448925101,0.009210973448925101,0.4253217132507313,0.3053637812002124,0.9816007359705612
momentum_vol_adj_30,0.009117976400665485,0.009117976400665485,0.4219148887816308,0.3123678646934461,0.9857405703771849
momentum_vol_adj_7,-0.009115796406487908,0.009115796406487908,-0.42407365215945325,0.5900783289817232,0.9963201471941122
is_month_12,0.008793073469112653,0.008793073469112653,0.40972022604526503,0.6727367325702394,0.999540018399264
week_of_year,-0.008756722593887423,0.008756722593887423,-0.40802629804889107,0.5639958376690947,0.999540018399264
sma_ratio_5,-0.008586586535826182,0.008586586535826182,-0.39972933172582414,0.7549530761209593,0.9977000919963201
vol_of_vol_5,0.00855586578888539,0.00855586578888539,0.3978393206293518,0.6717198118139048,0.9954001839926403
vol_of_vol_14,-0.008429659572746249,0.008429659572746249,-0.39033532613710015,0.3467018469656992,0.9871205151793928
breakout_pos_5,0.0083935431422204,0.0083935431422204,0.39074198783675507,0.3800834202294056,0.9977000919963201
z_price_40,0.008390578435271655,0.008390578435271655,0.3874367293266031,0.33669676048858205,0.9816007359705612
z_price_42,0.008367120786188372,0.008367120786188372,0.3861722325106256,0.33545986177565124,0.9806807727690893
breakout_pos_90,-0.008305488303460862,0.008305488303460862,-0.37898368399257076,0.6748499727223132,0.9586016559337627
rolling_sharpe_7,-0.00822201740345778,0.00822201740345778,-0.38249142207894754,0.5926892950391645,0.9963201471941122
z_price_2,-0.008169288117568427,0.008169288117568427,-0.3805647616929474,0.6121811556480999,0.9990800367985281
z_price_5,0.008142148506060523,0.008142148506060523,0.37903810411031,0.37695516162669446,0.9977000919963201
vol_pct_252,-0.008007448891423914,0.008007448891423914,-0.32704395211350273,0.3333333333333333,0.7681692732290708
log_ret_sum_20,-0.007949630831691744,0.007949630831691744,-0.36870658136472445,0.7623554153522608,0.9903403863845446
ac1_2,0.007860605144759697,0.007860605144759697,0.3660151297623072,0.5544554455445545,0.9981600735970562
rolling_sharpe_180,0.007838279396880395,0.007838279396880395,0.34975965474923665,0.19115958668197475,0.9167433302667893
slope_20,0.00773604761896746,0.00773604761896746,0.3588833116216854,0.302154492905938,0.9908003679852806
drawdown_7,-0.007735299208480509,0.007735299208480509,-0.35993084084526555,0.7526096033402923,0.9967801287948482
distance_high_7,-0.007735299208480509,0.007735299208480509,-0.35993084084526555,0.7526096033402923,0.9967801287948482
vol_pct_5,-0.0075196882518730945,0.0075196882518730945,-0.3290762233007359,0.45138055222088835,0.8817847286108556
breakout_pos_180,0.0074657488868434905,0.0074657488868434905,0.3332193008212479,0.3413654618473896,0.9172033118675254
rolling_sharpe_252,-0.007356153069927499,0.007356153069927499,-0.32225524588256876,0.8922155688622755,0.8836246550137995
log_ret_sum_14,-0.007305073279306793,0.007305073279306793,-0.3392823265629828,0.7222222222222222,0.9931002759889604
sma_ratio_7,-0.0072877854819218945,0.0072877854819218945,-0.33910646086638957,0.7426931106471816,0.9967801287948482
slope_10,-0.007282416220338557,0.007282416220338557,-0.33862175657407273,0.5959226346053319,0.9954001839926403
ema_ratio_5,-0.0072716496868080625,0.0072716496868080625,-0.33882413837380104,0.7601456815816857,0.999540018399264
var_ratio_30,0.0071244579013752685,0.0071244579013752685,0.3274234676657472,0.4428341384863124,0.9724011039558418
drawdown_42,0.00702417245348189,0.00702417245348189,0.3241870641017573,0.32110579479000534,0.9806807727690893
distance_high_42,0.00702417245348189,0.00702417245348189,0.3241870641017573,0.32110579479000534,0.9806807727690893
vol_pct_7,-0.006992457500221678,0.006992457500221678,-0.3058425725309651,0.4495192307692308,0.8808647654093836
momentum_vol_adj_252,-0.00681488622217647,0.00681488622217647,-0.2985425114719042,0.8802395209580839,0.8836246550137995
month_cos,-0.00677499712988658,0.00677499712988658,-0.3156814005543063,0.4588969823100936,0.999540018399264
summer_driving_season,0.006696634589474072,0.006696634589474072,0.31202992854175815,0.3938605619146722,0.999540018399264
var_ratio_5,-0.006670143742360389,0.006670143742360389,-0.30907286405917567,0.5136986301369864,0.9885004599816007
vol_of_vol_40,0.006575546314645696,0.006575546314645696,0.30076138101674715,0.523060227889311,0.9632014719411224
vol_pct_14,-0.006562276819421682,0.006562276819421682,-0.2865004747378553,0.46650573325286665,0.8776448942042319
sma_ratio_20,-0.006451367836256475,0.006451367836256475,-0.29928295003790384,0.7067787703625854,0.9908003679852806
vol_pct_30,-0.0063343855855081095,0.0063343855855081095,-0.2753874288642593,0.47592931139549055,0.8702851885924563
momentum_vol_adj_3,-0.006303399182224997,0.006303399182224997,-0.29350336043334113,0.5455966649296509,0.9981600735970562
rolling_sharpe_3,-0.006250768679555322,0.006250768679555322,-0.2910526453399762,0.546117769671704,0.9981600735970562
z_price_30,0.006200186506950864,0.006200186506950864,0.2869609719839521,0.3486529318541997,0.9862005519779209
breakout_pos_2,-0.006080817457410019,0.006080817457410019,-0.2832695304898105,0.5960437272254034,0.9990800367985281
ret_14d,-0.006059645216040528,0.006059645216040528,-0.2814363850253538,0.7169811320754716,0.9931002759889604
comp_ret_14,-0.006059645216040416,0.006059645216040416,-0.2814363850253486,0.7169811320754716,0.9931002759889604
z_price_14,-0.006038555472267044,0.006038555472267044,-0.2805218527764829,0.605552645364065,0.9935602575896965
ac1_3,-0.006018424083636525,0.006018424083636525,-0.2801690179900926,0.5208550573514077,0.9977000919963201
ema_ratio_7,-0.006017943148293129,0.006017943148293129,-0.2804050666341907,0.7523413111342352,0.999540018399264
drawdown_10,-0.005993807429607034,0.005993807429607034,-0.2787009389372255,0.683742812336644,0.9954001839926403
distance_high_10,-0.005993807429607034,0.005993807429607034,-0.2787009389372255,0.683742812336644,0.9954001839926403
rolling_sharpe_2,0.005927983244251124,0.005927983244251124,0.27608599345017454,0.4583333333333333,0.9986200551977921
momentum_vol_adj_2,0.005888168322743714,0.005888168322743714,0.27423161496803716,0.4578125,0.9986200551977921
rolling_sharpe_5,-0.005739522355838846,0.005739522355838846,-0.26712352148617186,0.621283255086072,0.9972401103955841
rsi_5,0.0056691039414349985,0.0056691039414349985,0.26408957982900766,0.34669442998438316,0.9990800367985281
var_ratio_42,0.005548118072012845,0.005548118072012845,0.25352315236178413,0.5628058727569332,0.9613615455381784
doy_sin,0.005508419233514421,0.005508419233514421,0.25666313030305954,0.5385015608740895,0.999540018399264
breakout_pos_7,0.00545406948379281,0.00545406948379281,0.25377923059573515,0.4331941544885177,0.9967801287948482
month,-0.005416373366932831,0.005416373366932831,-0.2523741540579504,0.5733610822060354,0.999540018399264
ema_ratio_42,-0.0053452732331846714,0.0053452732331846714,-0.24906117118040647,0.7268470343392299,0.999540018399264
z_price_120,0.005315087375278414,0.005315087375278414,0.2407715790950687,0.3266777592900721,0.9448022079116836
vol_pct_10,-0.005313197354587682,0.005313197354587682,-0.23220884672615555,0.4720048163756773,0.8794848206071757
quarter,-0.00517770676867536,0.00517770676867536,-0.24125325658816335,0.5738813735691988,0.999540018399264
ema_ratio_10,-0.0051604974311206964,0.0051604974311206964,-0.24045137272966985,0.7419354838709677,0.999540018399264
ac5_252,-0.005134431234700816,0.005134431234700816,-0.2246306599566116,0.5585585585585585,0.8813247470101196
distance_low_14,-0.005048325475905248,0.005048325475905248,-0.23451930655817393,0.6568884232582504,0.9935602575896965
vol_of_vol_3,-0.005029230234221958,0.005029230234221958,-0.23406486972193333,0.3568075117370892,0.9972401103955841
sma_ratio_30,0.004959337324792535,0.004959337324792535,0.22952961236883068,0.2620179609086107,0.9862005519779209
momentum_vol_adj_5,-0.004939872934580599,0.004939872934580599,-0.22990599873394352,0.6186750130412102,0.9972401103955841
var_ratio_60,-0.0049080524011232965,0.0049080524011232965,-0.22233257606700776,0.5490848585690515,0.9448022079116836
breakout_pos_10,0.0047462142043235055,0.0047462142043235055,0.2206886871830792,0.43021432305279667,0.9954001839926403
ema_ratio_40,-0.004720328352501824,0.004720328352501824,-0.2199413872353931,0.7268470343392299,0.999540018399264
comp_ret_5,0.004704161010669698,0.004704161010669698,0.2189355111762591,0.34950443401147624,0.9972401103955841
ret_5d,0.004704161010669618,0.004704161010669618,0.2189355111762554,0.34950443401147624,0.9972401103955841
rolling_sharpe_14,0.004661536703623117,0.004661536703623117,0.21650049780658054,0.3637316561844864,0.9931002759889604
momentum_vol_adj_14,0.00457845635344282,0.00457845635344282,0.21264183084942,0.36163522012578614,0.9931002759889604
z_price_90,0.004555645504064417,0.004555645504064417,0.2078714241862748,0.32678668848881615,0.9586016559337627
rolling_sharpe_10,0.004520205886851492,0.004520205886851492,0.21013095623604064,0.4304393305439331,0.9949402023919043
drawdown_5,-0.00446737902303075,0.00446737902303075,-0.20796324720225975,0.7606882168925965,0.9977000919963201
distance_high_5,-0.00446737902303075,0.00446737902303075,-0.20796324720225975,0.7606882168925965,0.9977000919963201
doy_cos,-0.004390739430855866,0.004390739430855866,-0.20458404570713104,0.43652445369406867,0.999540018399264
ret_lag_2,0.004360045585710328,0.004360045585710328,0.20301344311951347,0.4325169359041167,0.9981600735970562
sma_ratio_60,0.004341299333031078,0.004341299333031078,0.1995128079934904,0.30059044551798175,0.9724011039558418
ret_20d,-0.0043184652576734655,0.0043184652576734655,-0.20028742582646825,0.7502628811777077,0.9903403863845446
comp_ret_20,-0.004318465257673455,0.004318465257673455,-0.20028742582646775,0.7502628811777077,0.9903403863845446
ac1_5,0.004149502929030332,0.004149502929030332,0.19307620980314238,0.5824634655532359,0.9967801287948482
ret_180d,0.004093874092718984,0.004093874092718984,0.182672743428628,0.17221584385763491,0.9167433302667893
comp_ret_180,0.004093874092718973,0.004093874092718973,0.1826727434286275,0.17221584385763491,0.9167433302667893
z_price_7,0.004083338410978192,0.004083338410978192,0.1899975256042778,0.3930062630480167,0.9967801287948482
log_ret_lag_2,0.004036728484296369,0.004036728484296369,0.18795882290567556,0.4273058884835852,0.9981600735970562
distance_low_20,0.004010374684118807,0.004010374684118807,0.18604139015025722,0.2879663688912244,0.9908003679852806
log_ret_sum_180,-0.003960235752921733,0.003960235752921733,-0.1767095723741866,0.8564867967853043,0.9167433302667893
ac1_10,-0.003931128130999758,0.003931128130999758,-0.18270373713401555,0.43380429094714806,0.9944802207911684
z_price_60,0.0038700395205875037,0.0038700395205875037,0.17785480765367787,0.33064949006977995,0.9724011039558418
ema_ratio_14,-0.0038643409567162956,0.0038643409567162956,-0.18005641227772728,0.7195629552549427,0.999540018399264
distance_low_7,0.003748397077533113,0.003748397077533113,0.1744124938779854,0.4514613778705637,0.9967801287948482
macd,0.0036781918997421245,0.0036781918997421245,0.17138279971008993,0.29136316337148804,0.999540018399264
is_month_01,0.0035392626121305017,0.0035392626121305017,0.16490940326054776,0.6311134235171696,0.999540018399264
log_ret_sum_5,0.0035012092823621557,0.0035012092823621557,0.16294834701658464,0.3474178403755869,0.9972401103955841
is_dow_1,0.00342256631456283,0.00342256631456283,0.15947195818325063,0.4469302809573361,0.999540018399264
month_sin,0.003220410785465833,0.003220410785465833,0.1500525693502899,0.5369406867845994,0.999540018399264
rolling_sharpe_120,-0.0031199972259339324,0.0031199972259339324,-0.1412990206894783,0.802441731409545,0.9443422263109476
rv_14,0.003099975036397782,0.003099975036397782,0.14397442603484503,0.7059748427672956,0.9931002759889604
vol_14,0.0030999750363977646,0.0030999750363977646,0.14397442603484423,0.7059748427672956,0.9931002759889604
is_month_08,0.003043547071460167,0.003043547071460167,0.14181166175844812,0.5317377731529657,0.999540018399264
ac1_14,-0.003004462191542571,0.003004462191542571,-0.13950606265370877,0.46775039328788676,0.9926402943882244
breakout_pos_3,-0.002976694442439678,0.002976694442439678,-0.138632787819202,0.6385416666666667,0.9986200551977921
breakout_pos_60,0.0027953547385787076,0.0027953547385787076,0.12846522523557102,0.3408480944712829,0.9724011039558418
var_ratio_20,0.002782431692143532,0.002782431692143532,0.12847534502180777,0.44503451938396177,0.9816007359705612
ac1_120,0.0026739455413672137,0.0026739455413672137,0.12106846639698522,0.526929483620211,0.9438822447102115
ret_1d,0.0024228059578709337,0.0024228059578709337,0.11286252819787201,0.45080687142113485,0.9990800367985281
breakout_pos_20,-0.002370913901938081,0.002370913901938081,-0.10998618474903064,0.6883867577509196,0.9908003679852806
ema_ratio_30,-0.0021248297509594907,0.0021248297509594907,-0.09900452185215207,0.7242455775234131,0.999540018399264
ema_ratio_20,-0.0020682666167812424,0.0020682666167812424,-0.09636900230795571,0.7185223725286161,0.999540018399264
slope_2,-0.001967350553949804,0.001967350553949804,-0.09164577735209327,0.5512753774076002,0.9990800367985281
log_ret_1d,-0.001967350553949791,0.001967350553949791,-0.09164577735209266,0.5512753774076002,0.9990800367985281
vol_regime_low,0.0018807043662714539,0.0018807043662714539,0.08762967734536142,0.4800210304942166,0.999540018399264
sma_ratio_2,-0.0018347486990605171,0.0018347486990605171,-0.08546871732974415,0.5512753774076002,0.9990800367985281
vol_pct_120,-0.0018325537591307416,0.0018325537591307416,-0.0777488019483701,0.3829787234042553,0.828886844526219
momentum_vol_adj_10,0.0018268704508694143,0.0018268704508694143,0.08492505942214688,0.4273012552301255,0.9949402023919043
slope_5,-0.0018071583689742814,0.0018071583689742814,-0.08412525199005531,0.6673618352450469,0.9977000919963201
breakout_pos_252,0.0017856208739272493,0.0017856208739272493,0.07824211127943691,0.25493716337522443,0.8840846366145354
z_price_3,-0.0016875827464795682,0.0016875827464795682,-0.07859510002915848,0.6270833333333333,0.9986200551977921
slope_7,-0.0015772181009552513,0.0015772181009552513,-0.07338735632445077,0.6409185803757829,0.9967801287948482
breakout_pos_14,-0.001536766777245662,0.001536766777245662,-0.07138947630788661,0.6375065479308538,0.9935602575896965
momentum_vol_adj_120,-0.001507261533917882,0.001507261533917882,-0.06826088889622392,0.7685904550499445,0.9443422263109476
z_price_10,0.0015014136920915146,0.0015014136920915146,0.06981177919364337,0.4422373235755358,0.9954001839926403
ac5_120,-0.0014419300113124184,0.0014419300113124184,-0.06522250086428558,0.4958263772954925,0.9420423183072677
vol_of_vol_2,-0.0014326542287425989,0.0014326542287425989,-0.06670700936855067,0.47420531526836895,0.9981600735970562
rolling_sharpe_20,0.0014318933358274243,0.0014318933358274243,0.06640966940196409,0.30441640378548895,0.9903403863845446
slope_60,-0.0012145612242070104,0.0012145612242070104,-0.05581702549358486,0.8115942028985508,0.9724011039558418
is_quarter_3,-0.0011961077808828869,0.0011961077808828869,-0.0557314750788068,0.4833506763787721,0.999540018399264
momentum_vol_adj_20,0.0010899366995967017,0.0010899366995967017,0.05055006743063383,0.29547844374342797,0.9903403863845446
z_price_20,-0.0010754439431502423,0.0010754439431502423,-0.04988950129011458,0.6431949553336836,0.9908003679852806
rolling_sharpe_60,0.001054462935362166,0.001054462935362166,0.04844798029899009,0.2636949516648765,0.9719411223551058
rolling_skew_90,0.0010476826669712472,0.0010476826669712472,0.04779319203800061,0.49399563318777295,0.9581416743330267
ac5_90,0.000849570784545892,0.000849570784545892,0.03870912911406546,0.5451559934318555,0.9558417663293468
vol_5,-0.0008361562305351745,0.0008361562305351745,-0.038914979694970826,0.5242566510172144,0.9972401103955841
rv_5,-0.0008361562305351533,0.0008361562305351533,-0.038914979694969834,0.5242566510172144,0.9972401103955841
is_month_end,0.0008017381730254789,0.0008017381730254789,0.03735619324743214,0.548907388137357,0.999540018399264
is_dow_2,0.0007817203708491842,0.0007817203708491842,0.03642348307538231,0.40738813735691987,0.999540018399264
trend_regime_high,-0.0007241587392877316,0.0007241587392877316,-0.03374145464895557,0.49946178686759957,0.999540018399264
rsi_60,-0.0005757773624408666,0.0005757773624408666,-0.026821590329048604,0.754294638209266,0.9990800367985281
rv_7,-0.0005667601927130467,0.0005667601927130467,-0.02636501588092327,0.3712793733681462,0.9963201471941122
vol_7,-0.0005667601927130372,0.0005667601927130372,-0.026365015880922826,0.3712793733681462,0.9963201471941122
vol_pct_40,-0.00045167585489121746,0.00045167585489121746,-0.019584200384050114,0.4616799509503372,0.8656853725850966
vol_pct_42,0.0003379294168653451,0.0003379294168653451,0.014644475360380155,0.583793738489871,0.8647654093836247
momentum_vol_adj_60,-0.0003316365744884064,0.0003316365744884064,-0.015237248877617734,0.738453276047261,0.9719411223551058
distance_low_120,-1.6963210360612823e-05,1.6963210360612823e-05,-0.0007684165783899494,0.6611203549639489,0.9448022079116836
