sharpe,sortino,ann_return,ann_vol,max_drawdown,calmar,hit_rate,skew,kurtosis,turnover,avg_holding_period,rolling_sharpe_stability,strategy,family
0.9762720722400328,0.9320300459647308,0.15691261253989475,0.16291493676810542,-0.2862014885435231,0.5482592467910402,0.21711131554737811,0.12436680124923205,7.96802811831374,0.12655315232397607,6.13768115942029,1.6500949136232794,vol_lowtrend_20_10_0.4,volatility_regime
0.7332772706827222,0.6630579262459795,0.11242875443300893,0.16341851213974884,-0.24073288406413984,0.4670269908060706,0.11499540018399264,1.189752332534577,43.18332889226063,0.4035895075931891,1.0,1.3858518364228813,time_dow_3_1,time_calendar
0.6933789401693833,0.7032767604438327,0.11717907285125673,0.18438282912715825,-0.359878369804999,0.32560743485201654,0.25712971481140756,-0.18167776272051658,6.188535028074785,0.1329958582604694,7.110344827586207,1.6807804550830443,vol_lowtrend_20_10_0.5,volatility_regime
0.6629942925017043,0.8385761737479064,0.14390610137776827,0.24960785554458897,-0.44289209750387803,0.3249236150035016,0.3647654093836247,0.4632205592653533,7.724289775847662,0.17073170731707318,8.043010752688172,1.5783839544520055,ts_drawdown_vol_gate_20,time_series
0.6269007006785937,0.6952098221936767,0.10861807430491233,0.19454118132495807,-0.3578546068034145,0.3035257119500422,0.2704691812327507,0.6714330556245707,13.186598147546288,0.12195121951219512,8.278195488721805,1.4796871583523918,vol_lowtrend_20_20_0.5,volatility_regime
0.6195837250314765,0.7096418275352845,0.11513682056463415,0.21210520992245724,-0.353309484267625,0.3258809222259496,0.29944802207911686,0.3988411652490513,9.964176667245368,0.16336861481822365,6.859550561797753,1.5995931934306482,vol_lowtrend_20_10_0.6,volatility_regime
0.6129327652372432,0.5117493387980726,0.14449832933546247,0.28695293013860174,-0.4413156104736735,0.3274262815676108,0.21527138914443422,1.1619043887541978,49.49594388619235,0.07731247123791993,10.273809523809524,1.184719865844164,stat_entropy_120,stat_structure
0.5713570997294323,0.5479001866139728,0.08319708603601383,0.16313554903531505,-0.21128860965922625,0.3937603932829284,0.21573137074517018,0.2612014374467591,7.926240490800938,0.0980211688909342,7.91588785046729,1.0974803979069554,vol_lowtrend_60_10_0.4,volatility_regime
0.5708454182893078,0.6757920247404562,0.1089602996709309,0.2256556972004153,-0.3930538313853239,0.27721469928590076,0.3012879484820607,0.3649154246197692,6.562676035393274,0.1155085135757018,9.865079365079366,1.5771507532978382,vol_lowtrend_20_60_0.6,volatility_regime
0.5636625213807737,0.795265772391059,0.1556410935500443,0.39368407130668914,-0.4963029933517078,0.313600956743444,0.516559337626495,0.44837706010406786,14.121863504817842,1.0230096640589048,1.9451438848920863,1.2172573938466897,micro_lag_revert_1,microstructure_proxy
0.5539215059666218,0.7700285154920613,0.1493097772372387,0.3832600699170584,-0.5529514940466316,0.2700232820500835,0.5133394664213431,0.5251755672822465,15.513493478630757,0.04555913483663138,42.66,1.3161003627551362,trend_donchian_20,trend_following
0.5531241890018084,0.39428986592731496,0.07149279573375211,0.14335906823677474,-0.21935398036777132,0.3259243147243582,0.09199632014719411,0.7056738964649206,18.54488709891799,0.10906580763920846,3.26890756302521,1.144606887760362,hybrid_mr_lowtrend,hybrid
0.4988331195628305,0.5042329274360132,0.07198770862349413,0.16714784107885544,-0.27231155095894444,0.26435789583557967,0.2125114995400184,1.2371357597962533,22.07642181970537,0.0980211688909342,8.102803738317757,1.3933315461422682,vol_lowtrend_20_20_0.4,volatility_regime
0.4890105455923704,0.5482539075745925,0.08399012062323008,0.20985176716989434,-0.3231024780191194,0.2599488593770552,0.26494940202391903,0.30783876722324405,7.0116960060694495,0.10998619420156466,9.225,1.3138630907252944,vol_lowtrend_20_60_0.5,volatility_regime
0.48839375273581115,0.23558794135694228,0.046224999546960355,0.10331899168104364,-0.15525071605243934,0.29774419546669983,0.04645814167433303,3.230704991927726,77.74608342384266,0.008283479061205707,20.22222222222222,1.1539222148032489,time_month_02_1,time_calendar
0.4871853174977613,0.7477293132990943,0.08739713400971949,0.22272035641601148,-0.4526244276591981,0.19308974211027727,0.5105795768169273,0.4004786923161036,5.128698479963722,0.1491183587295249,1.0,1.654185580734078,risk_voltarget_20_20,risk_managed_alpha
0.48718531748618654,0.7477293132718287,0.06979136080442783,0.16704026731200858,-0.35912908030277646,0.19433503058397114,0.5105795768169273,0.40047869231610345,5.128698479963722,0.11183876904714365,1.0,1.654185580695159,risk_voltarget_20_15,risk_managed_alpha
0.4871853174630369,0.7477293132172977,0.04923628973222671,0.11136017820800574,-0.2531892098002352,0.1944644077481793,0.5105795768169273,0.4004786923161036,5.128698479963722,0.07455917936476245,1.0,1.654185580617317,risk_voltarget_20_10,risk_managed_alpha
0.476658137714456,0.663264412591819,0.11578003169259055,0.3834627510105357,-0.6292018370784409,0.18401095621399552,0.5096596136154554,0.5069823171078698,15.489060921368015,0.05844454670961804,33.34375,1.4785873237494276,trend_ma_cross_10_40,trend_following
0.4663556797662235,0.6662263612911856,0.11214717433127497,0.39011978157646043,-0.7574790875167035,0.14805316236358,0.514719411223551,0.6109554207837468,14.574341031588908,0.09249884951679706,21.326732673267326,1.4214450347734209,trend_slope_20,trend_following
0.4538521016820694,0.5257696732828617,0.07918226118839145,0.22209356782012873,-0.389859278380027,0.2031047241384443,0.3137074517019319,0.37790476951647567,9.553669342826806,0.1348366313851818,8.768707482993197,1.5069195423557127,vol_lowtrend_20_20_0.6,volatility_regime
0.45250070519304014,0.3865668751002339,0.066745664589698,0.1781174811966647,-0.46100778721328095,0.14478207622699865,0.23505059797608097,-0.9408924198767552,12.337041395796199,0.04924068108605614,17.074074074074073,1.50832345347866,ts_drawdown_vol_gate_120,time_series
0.42091625692147033,0.20424296299725678,0.04213065368527302,0.11295457807572575,-0.16652137488006935,0.25300447894669986,0.053817847286108556,3.8299436285292607,92.45001703791628,0.007823285780027611,22.22222222222222,1.0349661709677305,time_month_05_1,time_calendar
0.4117154154698653,0.3303005961591173,0.06334804278879358,0.19578745378570825,-0.2777458764575249,0.22807914773220112,0.18813247470101196,-0.00703088713829503,16.014143404367488,0.007823285780027611,80.77777777777777,1.0566321702823924,time_summer_1,time_calendar
0.3952477538299967,0.32394617993870484,0.05927156734851824,0.190227054006308,-0.28245273067385746,0.20984597035724217,0.11223551057957681,3.8585140532162097,63.64747324700629,0.09249884951679706,4.5049504950495045,1.3363916499017736,time_turnmonth_1,time_calendar
0.3826188772984404,0.37342322533984434,0.05152945194246161,0.1666315967785529,-0.1845196175402607,0.2792627289666858,0.10533578656853726,4.519472123285413,102.3053204198869,0.40036815462494246,1.0,1.1572511072630287,event_weekday_revert_2,event_flow
0.37662828879223836,0.17091937670924662,0.03354529246969218,0.10084477149436614,-0.24818425721396553,0.13516285378502804,0.042778288868445265,5.227839365997821,153.135412078056,0.007363092498849517,21.375,1.0633422748784405,time_month_09_1,time_calendar
0.3679361483577485,0.44290654217395076,0.0698561015991832,0.3429014299329454,-0.5475889517746391,0.1275703269261813,0.39558417663293466,0.5263918660636544,23.769142440099202,0.1587666820064427,9.491329479768787,1.5422833685636277,ts_dual_mom_20_40,time_series
0.3528032382660255,0.3284239409172697,0.05445091968334914,0.21942308928133997,-0.3859710967042673,0.14107512232950592,0.2902483900643974,-1.2901278724790584,16.49132400188618,0.08053382420616659,13.318181818181818,1.162671602414514,ts_drawdown_vol_gate_60,time_series
0.3505843969147668,0.3770060788177076,0.05310807826831043,0.2121811090294526,-0.3050464004968979,0.17409836071373808,0.2980680772769089,-0.5780153917337828,10.112927287778705,0.12103083294983893,9.25,1.1183382987278057,vol_lowtrend_60_10_0.6,volatility_regime
0.3424186622194713,0.3567027968986314,0.06027181492628886,0.3147856111040538,-0.46937168878524127,0.12840956616311286,0.29898804047838085,0.9043646533786535,34.99833387468807,0.12011044638748274,9.435114503816793,1.4747368136753358,ts_dual_mom_20_180,time_series
0.3388304865088215,0.16751454755883122,0.04673022003836125,0.18208297624169711,-0.24867614409553973,0.18791597484405215,0.04645814167433303,5.362638176136643,134.67684059102342,0.008283479061205707,22.0,1.1807243258052622,time_month_03_-1,time_calendar
0.33563447678301844,0.46508174803670543,0.05703504418984218,0.38358648074680257,-0.7486169483916307,0.07618722006268115,0.5087396504139834,0.5027008772690418,15.48787333222091,0.07501150483202945,26.024390243902438,1.5740375474231907,trend_ma_cross_5_40,trend_following
0.33166997040564744,0.12897417225066096,0.025167970629674574,0.08612681744654978,-0.1870167525773202,0.13457602210868544,0.04553817847286108,0.1465697577143075,55.92990511526435,0.007363092498849517,21.0,1.0741554398053155,time_month_12_1,time_calendar
0.32934140153563635,0.4784268862117016,0.054011927560212,0.39407073060822945,-0.6149632448724287,0.08782952153722406,0.49678012879484823,0.6021502501564903,14.063302170061323,0.38426138978370916,5.186602870813397,1.382149345948306,micro_lag_momentum_5,microstructure_proxy
0.3291915691210681,0.34815055714618665,0.05578182305795365,0.3272684044700381,-0.49314237160128516,0.11311504804730343,0.3233670653173873,0.5523095733289934,29.504442852274483,0.10446387482742751,11.728070175438596,1.2639676178518764,ts_strength_40_0.50,time_series
0.32788143378267937,0.40144063768636007,0.055032351902549514,0.35244402188161933,-0.5186267981088146,0.10611166276621306,0.40570377184912604,0.4578700509022405,21.549241239430632,0.1237919926369075,12.622222222222222,1.2968711445599088,ts_strength_40_0.25,time_series
0.32612508452669403,0.12445277075275697,0.026181289268979224,0.09241611783744309,-0.163164903702107,0.1604590734574783,0.045078196872125116,-1.3379585366531395,43.92077579529101,0.007363092498849517,21.625,0.7833900861618911,time_month_06_1,time_calendar
0.3242795915249239,0.4677585324927028,0.05184674245262588,0.3945965304078582,-0.5564031884651814,0.09318196503429485,0.5059797608095676,0.5808595944982903,13.991447122690087,0.3999079613437644,4.9862068965517246,1.3048462365888884,trend_slope_5,trend_following
0.32344210803897155,0.3282725968428465,0.044486002800046665,0.19054128269336174,-0.34958244021748786,0.12725468353685918,0.22263109475620976,0.38576346135034867,10.188315045253882,0.09618039576622181,8.904761904761905,1.562471339819072,vol_lowtrend_20_60_0.4,volatility_regime
0.32217642815905,0.3217413183786703,0.0445932694922444,0.19463298335268642,-0.38584354108800045,0.11557345074738032,0.2700091996320147,-0.7956521707785329,13.326973815294473,0.08697653014265992,11.589473684210526,1.1746832270994252,hybrid_trend_lowvol,hybrid
0.32217642815905,0.3217413183786703,0.0445932694922444,0.19463298335268642,-0.38584354108800045,0.11557345074738032,0.2700091996320147,-0.7956521707785329,13.326973815294473,0.08697653014265992,11.589473684210526,1.1746832270994252,vol_lowtrend_60_20_0.5,volatility_regime
0.31817589316673633,0.43068279035742413,0.04974488363741014,0.3835713033192729,-0.6286562129948439,0.07912891435583254,0.5073597056117756,0.315915589755338,15.507808331195129,0.04924068108605614,39.51851851851852,1.6094054539846412,trend_ma_cross_20_40,trend_following
0.31198504227201407,0.39665093643709565,0.04803204227523805,0.37050954264280017,-0.6240726998107589,0.07696545977692362,0.4765409383624655,0.25353136907255847,18.067829799960872,0.015186378278877128,117.29411764705883,1.5313482488691952,trend_ma_cross_30_180,trend_following
0.3113520176852884,0.3500021671887122,0.04980938029877513,0.31845357094390325,-0.48016219510270963,0.10373448973428002,0.3141674333026679,0.6897299379649147,32.61477028404055,0.25310630464795214,4.825454545454545,1.3288493827573307,ts_dual_mom_5_40,time_series
0.30796220896928383,0.32918453132748365,0.048789490853402784,0.2934469619323879,-0.43466696419869943,0.11224568433267772,0.2686292548298068,1.151759542225546,43.394088387498094,0.20892774965485503,5.004405286343612,1.3203276926944718,ts_dual_mom_5_180,time_series
0.3056412144486078,0.42975565326416026,0.04421390662898039,0.3933619739298822,-0.67396782043077,0.06560240012743523,0.5128794848206072,0.5569143870077339,14.1800660394557,0.19190059825126554,10.354066985645932,1.151193058848509,trend_slope_10,trend_following
0.302044821586988,0.4019815546280872,0.04315565465203952,0.3834211191880898,-0.5742023952882296,0.07515756640182898,0.5087396504139834,0.21493229293765753,15.54504991960929,0.14588127013345606,13.415094339622641,1.3573834828146472,trend_mom_40,trend_following
0.2922957519552333,0.272495493026625,0.04376182101127957,0.2995516806528364,-0.554001941488423,0.07899217987147626,0.25390984360625574,0.7865666066916995,41.76586962446118,0.0980211688909342,9.80373831775701,1.3464646323284721,ts_strength_40_0.75,time_series
0.2911962579154369,0.36701645464620797,0.04055312389910548,0.3641963663020413,-0.615324944046024,0.06590521689627189,0.45722171113155474,0.32616405729624914,19.35167510130904,0.020708697653014266,83.56521739130434,1.240648253887251,trend_ma_cross_5_252,trend_following
0.28575774119677194,0.393117003004971,0.03847691895290084,0.20642642088376892,-0.4554645159519968,0.08447841183059714,0.4880404783808648,0.49454344704230546,15.263219843785869,0.039131517271374906,1.0,1.575552913779324,risk_voltarget_120_20,risk_managed_alpha
0.2857577411894469,0.39311700299110786,0.032817766981433794,0.15481981566282668,-0.36312654069372996,0.09037556692674455,0.4880404783808648,0.4945434470423059,15.263219843785873,0.029348637953531185,1.0,1.5755529137350472,risk_voltarget_120_15,risk_managed_alpha
0.28575774117479674,0.39311700296338176,0.024473552771106633,0.10321321044188446,-0.2574763682167238,0.09505164664436942,0.4880404783808648,0.49454344704230546,15.263219843785869,0.019565758635687453,1.0,1.5755529136464996,risk_voltarget_120_10,risk_managed_alpha
0.28359313097384625,0.39008131963786535,0.03541180791808962,0.3898689675155007,-0.5840894043513989,0.06062737597055365,0.5105795768169273,0.4370197447231738,14.65818715212147,0.1863782788771284,10.605911330049262,1.4806876467559977,trend_mom_20,trend_following
0.27917065209334496,0.32312144556100025,0.038260467578186796,0.2257267488388415,-0.4284805423922863,0.08929336059108361,0.2985280588776449,0.062319499007482126,6.601976896888271,0.05200184077312471,21.80701754385965,1.5486164783795053,vol_lowtrend_120_60_0.6,volatility_regime
0.27663536382323206,0.37998188131893695,-0.08239813387629591,0.7729150976856116,-0.8851413533603122,-0.09309036750276115,0.5082796688132475,0.4652607353096711,15.224665374382198,0.39229532562182,7.772563176895307,1.4988300186255052,risk_kellyproxy_20,risk_managed_alpha
0.26742889595104014,0.26775103761444297,0.03557613021155581,0.31084134935833946,-0.4818771410034133,0.07382821716216248,0.29484820607175716,0.7040208791589778,35.83965890499209,0.11872986654394846,9.34108527131783,1.8782312506463483,ts_dual_mom_20_120,time_series
0.26503498306754547,0.35090185276867386,0.028688060716111297,0.38152471604431004,-0.693285060151571,0.04137989171409222,0.5013799448022079,0.2216027398696443,15.88928260776543,0.030832949838932353,62.1764705882353,1.2271085189984818,trend_slope_60,trend_following
0.2644765817908282,0.2772871869947293,0.03229041932020893,0.18450152640626097,-0.2881293215689802,0.11206918873880148,0.2516099356025759,0.03725835344102814,6.1359659717261295,0.10262310170271514,9.205357142857142,1.1201468997435124,vol_lowtrend_60_10_0.5,volatility_regime
0.26286347275517535,0.09062513123849307,0.029933675886699707,0.16496111110551742,-0.4333040164174726,0.0690823873134622,0.04829806807727691,-0.7525011891175291,245.92949355929898,0.008283479061205707,20.555555555555557,0.9150392089965408,time_month_04_1,time_calendar
0.2581112631626094,0.2885461392636687,0.03212201888905075,0.3112768269610545,-0.44251339785086274,0.0725899352313035,0.3325666973321067,-0.12563913285055228,23.00789411105309,0.15416474919466175,8.68452380952381,0.9989676746853455,stat_hurst_120,stat_structure
0.2529378414033717,0.2711747409169236,0.03183754754899959,0.22211345993576914,-0.3856361118518651,0.08255852232310348,0.31186752529898804,-0.67989807324964,9.63281647295302,0.08881730326737229,13.288659793814434,1.0498761821080573,vol_lowtrend_60_20_0.6,volatility_regime
0.24506399265065312,0.3322197215120475,0.020719091084870467,0.38359946332390255,-0.6160944839725166,0.03362972989344455,0.5082796688132475,0.325986824139544,15.50588820439214,0.04555913483663138,42.68,1.4702025744732665,trend_slope_40,trend_following
0.24203249539541247,0.34093269412213073,0.01813383308024963,0.39415465741111744,-0.6058638825582616,0.029930539849395785,0.4981600735970561,0.44165051731181093,14.079984232152604,0.2296364473078693,8.672,1.407859741316728,trend_donchian_5,trend_following
0.24088557975184738,0.060949412792867294,0.01850194987327658,0.09328593587851362,-0.2338504056997065,0.0791187418205992,0.004139834406623735,13.84740280491876,357.7671496269581,0.005522319374137137,3.3333333333333335,0.5750611904500945,mr_rsi_20_80_20,mean_reversion
0.2377415072820233,0.26852715851124664,0.02502987504360532,0.3250548952157019,-0.5351534589272424,0.04677139729925865,0.33072677092916286,0.8032029933534242,30.291550347176138,0.1675103543488265,7.5989010989010985,1.3671636527801587,ts_strength_20_0.50,time_series
0.23648268280052456,0.19312845272894383,0.02769188321928695,0.23570875491521098,-0.45683012824573377,0.06061746261255908,0.1936522539098436,-1.884625480305742,40.444211922052446,0.17211228716060745,4.336898395721925,1.3015898696445587,ml_linear_thr_20_0.25,ml_like
0.23639023116080585,0.1085678027462602,0.016630757245954975,0.08506230186727864,-0.13960401436645165,0.11912807322417798,0.042778288868445265,0.3422370388968537,35.200154036523486,0.007363092498849517,22.5,0.729579477594033,time_month_08_1,time_calendar
0.2321618361619721,0.19338117161039334,0.026852579753236627,0.25519708579814104,-0.5062845332300793,0.05303851488779438,0.18353265869365226,0.034764500143905384,50.13149115562898,0.12793373216751036,5.618705035971223,1.0141417054648578,ml_linear_thr_40_0.25,ml_like
0.23002233044741985,0.3033461799476387,0.015016939490241965,0.381555971370047,-0.5661135908008514,0.02652637162264866,0.5036798528058878,0.21015046534454507,15.886388603144503,0.03819604233778187,50.333333333333336,1.3403786147791135,trend_ma_cross_10_60,trend_following
0.22758404762469894,0.06274712545462179,0.021893928109439686,0.1312406074483154,-0.2338504056997065,0.0936236481772909,0.00919963201471941,10.168910524608695,316.83221273613117,0.013805798435342844,2.6,0.7144239075196848,mr_rsi_14_80_20,mean_reversion
0.22603903570856787,0.1952056966861633,0.025999066628636713,0.25280435679440894,-0.5413551483173678,0.04802589706479861,0.1655933762649494,1.8348989381089824,41.874571928890376,0.09479981592268753,6.951456310679611,1.4277477068369349,event_opec_proxy_trend,event_flow
0.22408073100984793,0.24525596011497985,0.017310717104559448,0.09812376108792313,-0.2027952411297168,0.08536056866049133,0.5087396504139834,-0.27119832954672635,79.52175058833438,0.038164043265078745,1.0,1.417455926422092,ts_ewm_edge_40,time_series
0.21975465643247336,0.09343684083488274,0.017263263133679096,0.1011067221622156,-0.25031316236133816,0.06896666148418454,0.04875804967801288,0.5777276740732051,58.71695237967314,0.008283479061205707,21.444444444444443,1.3494816733658017,time_month_01_1,time_calendar
0.21889093720051492,0.1879513190664364,0.022742944407232457,0.1672102100727835,-0.3798143829381825,0.059879102605954124,0.21435142594296228,-1.2199402527302274,22.251436311016406,0.06764841233317993,11.716216216216216,1.3930604332090624,vol_lowtrend_60_20_0.4,volatility_regime
0.2159190089006416,0.27715862758342974,0.012711687940908156,0.3628359766840867,-0.6155723884847367,0.02065019188430135,0.42686292548298066,0.4281643926797662,19.67920525420384,0.15968706856879888,10.816091954022989,1.0166024940927207,ml_linear_thr_40_0.00,ml_like
0.2159190089006416,0.27715862758342974,0.012711687940908156,0.3628359766840867,-0.6155723884847367,0.02065019188430135,0.42686292548298066,0.4281643926797662,19.67920525420384,0.15968706856879888,10.816091954022989,1.0166024940927207,ml_linear_score_40,ml_like
0.2116150503169543,0.26391037210834967,0.010762181011616523,0.3642381827286738,-0.6302993246426374,0.017074714490137387,0.4494020239190432,0.2734510744863205,19.351762657279103,0.01150483202945237,147.84615384615384,1.265915724350955,trend_ma_cross_30_252,trend_following
0.21086673492510527,0.17870605295026348,0.020995599823166344,0.1581870231709652,-0.4242246498896317,0.04949170169291004,0.10533578656853726,-0.5165562527178037,44.506945371183804,0.3999079613437644,1.0,1.8096661888665795,event_weekday_trend_3,event_flow
0.2055957819169044,0.17652886708895693,0.016591550229679175,0.30332435904694105,-0.5913017050928406,0.028059364765481383,0.22401103955841767,0.6950102878048731,40.3045190248307,0.05568338702254947,15.032786885245901,1.3642460236858296,ts_strength_120_0.75,time_series
0.20531428743875269,0.21261400704264846,0.01663702598805683,0.3025740651231579,-0.48002707547003376,0.03465851581753279,0.27138914443422263,0.7912067053995249,40.204029422740334,0.21214910262310172,4.9480519480519485,1.5603490747693392,ts_dual_mom_5_120,time_series
0.20441157109018165,0.2722588184129712,0.005184209006605656,0.3815757855569874,-0.6759016940212454,0.007670063638625874,0.500459981600736,0.24736637651441595,15.88730874577325,0.05660377358490566,34.096774193548384,1.585266279850107,trend_ma_cross_5_60,trend_following
0.20378271101970732,0.22839667987036025,0.017328989729669342,0.11947902441056484,-0.26729307919671474,0.06483141943548495,0.5,-0.46205495775015915,77.8055688930486,0.07652944954065453,1.0,1.3241191570216757,ts_ewm_edge_20,time_series
0.20222752052775156,0.28714764888667427,0.0023047862394187657,0.39414457638694156,-0.6607719209395853,0.0034880208531530587,0.49586016559337626,0.4592539167523914,14.083045293703556,0.3815002300966406,5.2216867469879515,1.336169661164087,trend_mom_5,trend_following
0.19963522498728678,0.2292353873177636,0.011634794401222726,0.33000725124243746,-0.4919181171867344,0.023651892448560606,0.3647654093836247,0.5843050257839056,27.887511937443175,0.13897837091578463,10.132450331125828,1.4279180992210498,ts_dual_mom_20_60,time_series
0.1962930619268858,0.2580990833728593,0.004331559380605254,0.3704455636787808,-0.5909734163924396,0.007329533377388884,0.4696412143514259,0.5031116491511861,18.07852681063836,0.07501150483202945,24.304878048780488,1.4332620555951894,trend_mom_180,trend_following
0.19357948897340344,0.2586874395112455,0.0006695793561963814,0.38345977228522515,-0.6545022457710794,0.0010230359949437858,0.5045998160073597,0.23406066375611634,15.543343021329932,0.028992176714219973,66.59375,1.545152580531532,trend_donchian_40,trend_following
0.18739884398079287,0.17479260589868045,0.007397864251615038,0.32535929877017045,-0.7167923562186005,0.010320791212997516,0.2529898804047838,-0.41079413154072847,31.457620719513866,0.11965025310630464,8.192307692307692,1.3339737623669097,vol_highmr_60_10_0.6,volatility_regime
0.1809610744601738,0.15820446812954247,0.011228837050367035,0.2866090412263851,-0.3840932572039861,0.02923466330046595,0.20009199632014718,1.3722330802868274,49.86654247779293,0.10078232857800276,7.827272727272727,1.2943475737533727,stat_entropy_60,stat_structure
0.1763302731495169,0.10615526911782176,0.01272435578213682,0.09902448023230613,-0.19204618551611274,0.06625674833308774,0.03357865685372585,4.430135694935658,68.83746593879263,0.007363092498849517,21.75,1.094619500171734,time_month_07_-1,time_calendar
0.17435237476167595,0.18613696364932167,0.011674685561676945,0.08969784673899252,-0.21579625585806383,0.0541005010267725,0.5110395584176632,-0.3616114734516552,82.39471021909019,0.02554206421424762,1.0,1.4734606520092743,ts_ewm_edge_60,time_series
0.17302593500612418,0.23131668879548356,-0.006050014433926498,0.3782753540507403,-0.660664897782026,-0.009157463116669822,0.48298068077276907,0.3043099117516659,16.49255438089605,0.024390243902439025,77.18518518518519,1.3702567810300705,trend_slope_90,trend_following
0.170202126920339,0.15688690968611585,0.009004733569588863,0.2729695460895139,-0.531664995221152,0.016936856198001726,0.25068997240110397,-0.06308652628779363,40.57873771376204,0.13805798435342845,6.8933333333333335,1.4844951449399977,ts_strength_20_0.75,time_series
0.16570340328572453,0.13630700969757445,0.013558267566058824,0.18181674865072553,-0.3312701893109924,0.04092812454455285,0.11039558417663294,-0.8256541662709317,30.124574220384662,0.40220892774965483,1.0,1.3578823801956101,time_dow_1_1,time_calendar
0.16500376847277165,0.24864287447833663,-0.010514756191471464,0.3898923077325565,-0.6357493119096104,-0.01653915465495603,0.49494020239190434,1.1301279810720712,14.636012216408478,0.23791992636907502,8.312741312741313,1.3930197630197838,stat_ac_switch_120,stat_structure
0.1626242694100554,0.1848079615645102,-0.000277914286360037,0.3275842060791347,-0.6920740939647232,-0.00040156724371451686,0.34774609015639374,0.554140783715064,28.735275362446977,0.20846755637367695,6.405286343612334,1.4191834707318787,ts_dual_mom_10_40,time_series
0.16054056754327609,0.20257159356908624,-0.006238243245915709,0.35740485525122445,-0.6189378678629271,-0.010078949067125394,0.41950321987120515,0.5720382719859646,20.766870797981507,0.17901518637827887,9.046153846153846,1.4427291846141566,ts_strength_20_0.25,time_series
0.15304255327329144,0.2010005954997772,-0.01438225856119224,0.3815874166170056,-0.5836797997264928,-0.02464066525500283,0.5041398344066237,0.2064410928075908,15.885460203455189,0.03451449608835711,55.63157894736842,1.2195834946625024,trend_ma_cross_20_60,trend_following
0.1523485267597096,0.06352000943655663,0.01077850325303431,0.10961612278782873,-0.28740379803910865,0.03750299518146979,0.04323827046918123,1.3652169218032562,81.91564593791158,0.007363092498849517,21.75,1.1168234931632166,time_month_11_-1,time_calendar
0.1487074509336864,0.1698877467910841,0.008106449025291562,0.2257671268298356,-0.47007154754526126,0.017245138676456016,0.2957681692732291,-0.02218800323410673,6.601870282544429,0.06764841233317993,16.7972972972973,1.4167313561695734,vol_lowtrend_60_60_0.6,volatility_regime
0.14781285595087149,0.10929530655813995,-0.0008087416238532485,0.29574928091166464,-0.7194393351711766,-0.0011241276148178639,0.16375344986200552,-0.7769093403460532,45.034353206919675,0.10124252185918085,6.281818181818182,1.4848163636541591,vol_highmr_60_10_0.4,volatility_regime
0.14393653461794575,0.1827258314688155,-0.15920455524549282,0.7438061759479971,-0.9548222943147254,-0.16673736693547458,0.48942042318307266,0.22748291225426703,17.786930549994334,0.11435643898057217,10.474489795918368,1.5564132048046229,risk_kellyproxy_120,risk_managed_alpha
0.14204334834792992,0.17888184067845644,-0.014494949361401166,0.3642482267755894,-0.6244632321499073,-0.023211853981337894,0.4503219871205152,0.31680849047517784,19.353091468626612,0.015186378278877128,113.05882352941177,1.3484373085638768,trend_ma_cross_10_252,trend_following
0.14081985598515048,0.13539862111657233,0.010018696923800308,0.16680963924751094,-0.3673915129419949,0.027269810463353916,0.10533578656853726,4.672536785034983,102.12280474514917,0.40220892774965483,1.0,1.273791593520635,time_dow_2_1,time_calendar
0.1356749513500457,0.17818226300556528,-0.019614915653571985,0.37643239667931483,-0.629068484951104,-0.03118089067053713,0.47562097516099355,0.26181286251306546,16.859991572105045,0.020708697653014266,89.30434782608695,1.4552462091567573,trend_ma_cross_30_120,trend_following
0.13285848134140057,0.14604645265320174,-0.006459887667683795,0.30867725392253803,-0.5186098287160124,-0.01245616127959799,0.296688132474701,0.7442879085888076,36.99097057848275,0.23423838011965026,4.996078431372549,1.370220087608439,ts_dual_mom_5_60,time_series
0.13214690957558656,0.07657154845968545,0.008531570217317208,0.15939934460227764,-0.3345907102953032,0.025498526871119385,0.04967801287948482,2.186355063844349,89.81079529440095,0.1684307409111827,1.1147540983606556,1.2030502866887651,micro_post_shock_reversal,microstructure_proxy
0.1257272098532089,0.12781107282703555,0.006874003550196406,0.1836210053675474,-0.5368881258848004,0.012803418847930624,0.09521619135234591,5.5794236382903355,111.56448085860316,0.3893235158766682,1.0,1.6725350538888606,event_weekday_trend_4,event_flow
0.12560478928008154,0.1669282053279579,-0.02462581204484615,0.38158498099634236,-0.7005221106508378,-0.03515351146009048,0.4935602575896964,0.22850153054780403,15.886667871550152,0.03635526921306949,52.85,1.2485826184704976,trend_ma_cross_30_60,trend_following
0.12488996653793429,0.049255181367344525,0.007661523948953697,0.1129621423141022,-0.15945720914453787,0.0480475231568926,0.04139834406623735,-2.7157452585202195,92.61189791948068,0.04601932811780948,3.5,1.1708034129240807,ml_linear_thr_40_0.50,ml_like
0.11506844651888917,0.14905243545163718,-0.0014390789986317154,0.24109019388063868,-0.4342873025673585,-0.003313656628045668,0.49494020239190434,-0.30556711910001094,11.155487523963274,0.08076392084675564,10.46039603960396,1.380821760323358,risk_ddscale_5,risk_managed_alpha
0.11204046399844456,0.14034177674935058,-0.025306782737512745,0.36456297110745445,-0.6698162309988365,-0.037781680356920054,0.4558417663293468,0.2964751470893,19.28138516437461,0.009664058904739991,175.36363636363637,1.3726055860792576,trend_donchian_120,trend_following
0.10787317040428523,0.14118764387727245,-0.007098068608798802,0.2677356087861791,-0.4278895943098914,-0.016588551587074972,0.49494020239190434,-0.3236187911514519,7.900066061808564,0.09387942936033133,10.014218009478673,1.214537691646696,risk_ddscale_10,risk_managed_alpha
0.10631623645667583,0.1292510060206922,-0.026083655061287958,0.3595514798564524,-0.6564564471014074,-0.03973402222861999,0.4190432382704692,0.3185369607716761,20.49375977009874,0.006902899217671422,224.875,1.2776955410756317,trend_donchian_180,trend_following
0.10412319487112603,0.13234428057485306,-0.02968221405338778,0.3705691021073731,-0.6814786180645185,-0.04355560580557215,0.47286108555657774,0.2565098279460956,18.06977294026575,0.022549470777726646,79.76,1.6186733173187393,trend_ma_cross_10_180,trend_following
0.10309274814661115,0.13777007516401657,-0.03351717911361496,0.383649977810451,-0.6594233857070934,-0.050828011016964436,0.5036798528058878,0.2359504613131919,15.513623104628685,0.05568338702254947,34.98360655737705,1.2640232918757783,trend_ma_cross_30_40,trend_following
0.10087315626155803,0.13057088975247821,-0.03241131308519141,0.3764127744662808,-0.7000802918776152,-0.04629656549567761,0.48482060717571296,0.22775877067360936,16.86623599802512,0.015186378278877128,120.82352941176471,1.2366466016351072,trend_slope_120,trend_following
0.0997505691710654,0.12855128175760983,-0.032832966415956344,0.3764298547467941,-0.6932879011902907,-0.047358343279233335,0.4880404783808648,0.22021629069630427,16.864750274336227,0.06304647952139898,29.753623188405797,1.5793576749472937,trend_mom_120,trend_following
0.09623766029091463,0.10250400010651817,-0.0018821747627748575,0.2099412063960677,-0.447329417389588,-0.0042075810121189215,0.2612695492180313,-0.22477816765793632,7.041398891189653,0.06304647952139898,16.043478260869566,1.4488372736857345,vol_lowtrend_60_60_0.5,volatility_regime
0.08158511439454696,0.0985704588929632,-0.03860590842274547,0.3705704578637873,-0.8215740374165905,-0.04699017576564779,0.4696412143514259,-0.5375066788951558,18.088342594594316,0.013345605154164749,132.93333333333334,1.4564252363962849,trend_slope_180,trend_following
0.07926928951704645,0.10341434894933392,-0.040702789187008204,0.3780078518555469,-0.629291664468409,-0.06468032469701789,0.4935602575896964,0.2288075818429427,16.55317898266957,0.10170271514035895,18.765765765765767,1.4358427813178625,trend_mom_90,trend_following
0.07309200804771364,0.07228491690085427,-0.0030341796947670474,0.18395820895108406,-0.547266792574252,-0.005544242289010861,0.08923643054277829,4.140190289766421,111.2966292836918,0.3985273815002301,1.0,1.3141564026048063,time_dow_0_-1,time_calendar
0.06642761586678936,0.060394512993627546,-0.004223292172470194,0.18307146094573612,-0.39141018701187347,-0.010789939333723296,0.10165593376264949,3.648998320895743,113.47517667143676,0.39484583525080535,1.0,1.4710483752191674,event_weekday_trend_0,event_flow
0.06605271737156282,0.021818667500454067,-0.00016973673102071984,0.13944810943705963,-0.2338504056997065,-0.0007258346655936848,0.01839926402943882,7.434289726443548,249.6713891640533,0.02761159687068569,2.5,0.883834307482346,mr_rsi_10_80_20,mean_reversion
0.06403405747090025,0.08344434895621992,-0.21424787274173984,0.7557404773097323,-0.9286651870205289,-0.23070518388751984,0.500459981600736,0.22172720007010063,16.59937954540406,0.2057044568533754,9.966981132075471,1.333457751844291,risk_kellyproxy_60,risk_managed_alpha
0.06363428832189857,0.05401750666202225,-0.02945020266696563,0.31355974793234825,-0.7260210958619753,-0.040563838757274734,0.20377184912603497,-0.4645827221505053,36.63773596942387,0.10216290842153705,7.900900900900901,1.360029579051134,vol_highmr_60_10_0.5,volatility_regime
0.06136139880468516,0.034996755245313226,-0.007008137774288992,0.19028819930625815,-0.5269205143378891,-0.013300180166797806,0.1140754369825207,-3.556105804606828,64.05001755488207,0.14035895075931892,2.973856209150327,1.2414437649765884,event_turn_month_trend,event_flow
0.06096395375444975,0.07984589886373585,-0.026180467705609112,0.2978898771801283,-0.4764845736913448,-0.05494504785901683,0.49402023919043236,-0.4825697600205432,6.788091938660276,0.1150483202945237,9.561085972850679,1.2880679055654536,risk_ddscale_15,risk_managed_alpha
0.06061939141640944,0.047721139031313704,-0.0286669131027103,0.3060528319077884,-0.7167923562186003,-0.039993329803209784,0.18721251149954002,-0.7127139237568972,39.19671847558697,0.09019788311090658,8.091836734693878,1.0418501063598398,vol_highmr_60_20_0.5,volatility_regime
0.057252263193523834,0.07201647326123643,-0.04449202907661387,0.3642636950131816,-0.6352160777588611,-0.07004235351460006,0.4457221711131555,0.30735833680362185,19.35662822282367,0.013345605154164749,128.13333333333333,1.3788216320115168,trend_ma_cross_20_252,trend_following
0.056601786010007545,0.06294849792496679,-0.0036041006452349755,0.15767395988919827,-0.3457454655843075,-0.010424144360457905,0.4972401103955842,-0.7612331877927062,74.35994740095637,0.15351545945162856,1.0,1.2367623505652863,ts_ewm_edge_10,time_series
0.05332747147951651,0.07179151874484578,-0.05564722547238932,0.3934222027071764,-0.8907579385413745,-0.0624717704603899,0.4871205151793928,-0.3488062126158996,14.225149844984387,0.2802577082374597,7.091803278688524,1.2551760954181372,mr_st_rev_10,mean_reversion
0.052745000008893816,0.05286091761294849,-0.008783050441257378,0.19468233350471884,-0.5339814496690999,-0.016448231388344392,0.2640294388224471,-0.8073611896666886,13.263925057602954,0.07685227795674184,13.107142857142858,1.7392092362118154,vol_lowtrend_120_20_0.5,volatility_regime
0.05189192138464679,0.07211990490505768,-0.011947660661804638,0.21544492951049268,-0.3462395419862032,-0.03450692140254222,0.49494020239190434,0.10465764803088376,9.336514389915255,0.07056918080132223,1.0,1.3656337503289766,risk_voltarget_60_20,risk_managed_alpha
0.05189192138337218,0.07211990490259575,-0.004651067250354801,0.1615836971328695,-0.26675070008112634,-0.017436007661546328,0.49494020239190434,0.1046576480308834,9.336514389915253,0.052926885600991666,1.0,1.365633750295263,risk_voltarget_60_15,risk_managed_alpha
0.05189192138082326,0.07211990489767227,-0.00020812994966590281,0.10772246475524634,-0.1822602113307813,-0.0011419384853396718,0.49494020239190434,0.10465764803088376,9.336514389915255,0.03528459040066111,1.0,1.365633750227831,risk_voltarget_60_10,risk_managed_alpha
0.04884308894362145,0.03309242959178765,-0.027748898503071717,0.2876011124500562,-0.7167923562186003,-0.03871260381377507,0.14489420423183072,-0.9176543794726209,50.06363594942333,0.06074551311550851,9.287878787878787,1.0518955581791158,vol_highmr_60_20_0.4,volatility_regime
0.046023905201006465,0.04106750433594725,-0.031079309213779327,0.30191984773597624,-0.6009809286075629,-0.05171430195919283,0.22585096596136153,0.7475745991624059,41.194253853170956,0.08099401748734468,10.920454545454545,1.334267803782187,ts_strength_60_0.75,time_series
0.04587482275161468,0.06333887025289281,-0.056069381802585805,0.3893214386408699,-0.6355086263522786,-0.08822756997702325,0.49862005519779207,0.455964822148097,14.774505150107665,0.6290842153704556,3.138888888888889,1.095806047068616,micro_calm_bounce_vs_trend,microstructure_proxy
0.04405753159319671,0.06270643107649422,-0.0581726247506964,0.3939384714016102,-0.8187938721503427,-0.0710467270570193,0.4917203311867525,0.5163301974450002,14.111499986274154,1.0220892774965487,1.945994599459946,1.3764599640921502,micro_lag_revert_2,microstructure_proxy
0.04023051594170826,0.038576643801087857,-0.010488598734868959,0.19056737421238296,-0.4250172175617666,-0.02467805609150411,0.21987120515179392,-0.30497480962508844,10.21362663109588,0.06028531983433042,14.166666666666666,1.3907249897354563,vol_lowtrend_60_60_0.4,volatility_regime
0.039710686458860445,0.04171807480609738,-0.038469117028749555,0.32301963569803743,-0.6174285654260878,-0.06230537293353069,0.3017479300827967,0.6176590998702872,31.037894526817094,0.09479981592268753,12.533980582524272,1.2921453551214166,ts_strength_60_0.50,time_series
0.03722105275782911,0.01728887133278371,-0.00039178470142120503,0.08388593737370852,-0.2029547903178357,-0.001930403814592025,0.03955841766329347,0.3753282316645843,39.72031143717302,0.007363092498849517,21.875,1.1986778803488478,time_month_10_-1,time_calendar
0.036450993815187696,0.03017650775139643,-0.00964376743081663,0.17974792646455687,-0.40301471436223557,-0.02392907029723173,0.10441582336706531,-0.49451332129899594,31.154743025184555,0.3985273815002301,1.0,1.5840759157126985,event_weekday_trend_1,event_flow
0.034371454696094414,0.043587442495399906,-0.054471976524010146,0.3705833399067455,-0.6988558832247891,-0.07794450591526483,0.468721251149954,0.2415416076618268,18.072420697039128,0.020708697653014266,86.69565217391305,1.5655612637717464,trend_ma_cross_20_180,trend_following
0.03432564594401562,0.012326368166985424,-0.0006569750984215528,0.08992325961703229,-0.1891649121115342,-0.0034730283279529044,0.007359705611775529,22.756507458795284,889.3491887293394,0.03313391624482283,1.0,1.1557072778083326,event_quarter_turn_1,event_flow
0.03235669337335639,0.03319315238506095,-0.03526004867516097,0.30307245744177835,-0.6433333115925042,-0.05480836766842309,0.2796688132474701,0.9346623226706401,40.667534021742924,0.16612977450529223,6.50828729281768,1.2578657627492347,ts_dual_mom_10_180,time_series
0.029133694562696013,0.02582737438274464,-0.04357649059864044,0.32535629082222856,-0.7906046218361154,-0.05511793049904318,0.24885004599816007,-0.9840317688428069,31.446202421413215,0.16382880809940176,5.98314606741573,1.304346235032706,vol_highmr_20_10_0.6,volatility_regime
0.024777239796524134,0.026308210137893098,-0.016747263628887232,0.20990856487479792,-0.5175032866571787,-0.032361656554945,0.26172953081876726,-0.2599633825122143,7.042177488656181,0.0529222273354809,19.086206896551722,1.4797914733883466,vol_lowtrend_120_60_0.5,volatility_regime
0.023739998129492908,0.03121770615211509,-0.06070659743436957,0.37827653269786127,-0.6390047151259346,-0.09500179888705602,0.48942042318307266,0.2485356696226575,16.50454583298087,0.03359410952600092,56.32432432432432,1.3705608360770911,trend_ma_cross_10_90,trend_following
0.018018682718726066,0.0035018600691225717,-0.0013478970408439261,0.07460305027997714,-0.2338504056997065,-0.005763928597023828,0.0027598896044158236,11.572850056425608,430.71263502623174,0.0018407731247123793,8.0,0.3515015863610225,mr_rsi_30_80_20,mean_reversion
0.015413051828692029,0.015216662024353953,-0.03949397824301859,0.3000121554066633,-0.6594736348662587,-0.05988712232744239,0.2755289788408464,0.7064492076792409,41.1739608441476,0.16198803497468936,6.494318181818182,1.568046775837785,ts_dual_mom_10_120,time_series
0.010607656191827547,0.014034852596356104,-0.0664889369477667,0.38147753239129517,-0.6469158565856753,-0.10277833859040424,0.49494020239190434,0.2233851728064903,15.91425005393382,0.10170271514035895,19.036036036036037,1.3114349567652017,trend_mom_60,trend_following
0.009792851582863533,0.006737518870474196,-0.03728142442369464,0.2831317841984629,-0.6646911438667868,-0.056088342334090525,0.14259429622815087,-0.6371884937877594,54.364318031343444,0.04601932811780948,12.38,0.8300882700667553,vol_highmr_60_60_0.4,volatility_regime
-0.002495834623922498,-0.0025608806613222146,-0.05308461526867947,0.32803064554753286,-0.6314871091974266,-0.0840628644598336,0.2953081876724931,0.5459461556560578,29.23876716709862,0.06948918545789232,16.526315789473685,1.5865809976100023,ts_strength_120_0.50,time_series
-0.006574271260127532,-0.008014419811341657,-0.03851778665845662,0.2727464626865499,-0.5807002348716469,-0.06632989681311897,0.4015639374425023,-0.6052094462316092,5.5981360454027485,0.10446387482742751,14.868421052631579,1.1817671785977326,hybrid_trend_highvol_off,hybrid
-0.006735634237480067,-0.0038569945620039233,-0.021576676544661555,0.20039440395624442,-0.4721933711219205,-0.04569457740025062,0.08003679852805888,-1.034093541494754,124.54727340694357,0.1325356649792913,2.3680555555555554,1.130064135297718,mr_rsi_5_80_20,mean_reversion
-0.007631661380373132,-0.005763021892538989,-0.04521611395219782,0.2942817879166543,-0.7075114976812986,-0.0639086631105205,0.1688132474701012,-0.6296149938117298,46.82343866537558,0.06074551311550851,11.318181818181818,1.0035848267306113,vol_highmr_60_60_0.5,volatility_regime
-0.008649706004607067,-0.010224324812669891,-0.0630549422873875,0.35246187800269424,-0.6920027970651857,-0.09111949049153438,0.3951241950321987,0.39907126698166023,21.66099664511249,0.07409111826967327,20.62962962962963,1.5787086816663007,ts_strength_120_0.25,time_series
-0.01066618718094424,-0.013517280452351163,-0.07011884792150991,0.3705730905357332,-0.6789554485519629,-0.1032745934522686,0.4724011039558418,0.2493661750968949,18.076994371880016,0.031753336401288544,56.97142857142857,1.703692068156736,trend_ma_cross_5_180,trend_following
-0.016476105918787495,-0.021561419284628673,-0.07421773661732611,0.37645598755220494,-0.6626598351158937,-0.1119997511305843,0.4765409383624655,0.2658612463925417,16.865617627455737,0.02807179015186378,66.25806451612904,1.593402173053553,trend_ma_cross_20_120,trend_following
-0.022070050310915048,-0.029221266689690058,-0.07684435306850645,0.37830937960741756,-0.6815837005207486,-0.11274382443371596,0.48298068077276907,0.26764855582613195,16.501410085575884,0.02807179015186378,67.2258064516129,1.4622889790532292,trend_ma_cross_20_90,trend_following
-0.023075444317733073,-0.020867983301816072,-0.05852348624526382,0.32265364807367686,-0.7222940176907837,-0.08102446484644274,0.23919043238270468,-0.5979130628320237,31.49545411916402,0.09019788311090658,10.561224489795919,1.0520643859242784,vol_highmr_60_20_0.6,volatility_regime
-0.02464394226197832,-0.03229521560232915,-0.07704535248726552,0.37644183821094884,-0.6991960416498582,-0.11019134534193763,0.48114075436982523,0.2765982522290808,16.868850337879962,0.031753336401288544,58.68571428571428,1.6100295182464475,trend_ma_cross_10_120,trend_following
-0.026187514787299897,-0.032622454545937214,-0.07313310029742837,0.36426630700992374,-0.7222453518129018,-0.10125797295026731,0.4448022079116835,0.2849302893747425,19.362036395952305,0.007823285780027611,213.55555555555554,1.5602941072810679,trend_slope_252,trend_following
-0.027103782765547403,-0.018834332456855563,-0.047287189207676494,0.28312297052773916,-0.6564016536103883,-0.07204002145258472,0.1389144434222631,-0.6378612788585426,54.36459034549906,0.026691210308329497,21.344827586206897,0.9970810646399577,vol_highmr_120_60_0.4,volatility_regime
-0.027276408515179842,-0.03626208102802903,-0.07865311909887962,0.3783048502939544,-0.6293875118549525,-0.12496771482952607,0.47746090156393745,0.2744511262812545,16.502411706282746,0.026231017027151405,71.86206896551724,1.339642176352352,trend_ma_cross_30_90,trend_following
-0.030995542631549737,-0.03677300932477855,-0.07167416023117035,0.3557517368691698,-0.6822323459860924,-0.10505828498569372,0.39558417663293466,0.3032349833709486,21.60112753261319,0.10308329498389324,15.080357142857142,1.4109799423666805,ts_strength_60_0.25,time_series
-0.03256115898120812,-0.0358063416286131,-0.05863160847610138,0.31680147640886475,-0.7121027309354113,-0.08233588487857803,0.3261269549218031,0.5989414873548332,32.92965475138689,0.18775885872066267,6.784313725490196,1.26292573637083,ts_dual_mom_10_60,time_series
-0.035102419996792054,-0.0411344579651539,-0.07626310502378097,0.3621195422508188,-0.7614914535025464,-0.10014965325336485,0.4254829806807728,-0.6630523030776138,19.89423090741254,0.11274735388863323,15.138211382113822,1.2410610030394995,ml_linear_thr_60_0.00,ml_like
-0.035102419996792054,-0.0411344579651539,-0.07626310502378097,0.3621195422508188,-0.7614914535025464,-0.10014965325336485,0.4254829806807728,-0.6630523030776138,19.89423090741254,0.11274735388863323,15.138211382113822,1.2410610030394995,ml_linear_score_60,ml_like
-0.03681152588857019,-0.0350860520168223,-0.023546996023622313,0.18641622113504705,-0.5328704503382797,-0.04418896939890341,0.0906163753449862,3.81005213063862,105.7508977589025,0.393005062126093,1.0,1.186004165185838,time_dow_4_-1,time_calendar
-0.043534043848708265,-0.05301064696799227,-0.07400144397122554,0.3487261035042945,-0.8676254572449915,-0.08529192332152197,0.3873045078196872,-0.5815759776565345,21.632150995794582,0.2508053382420617,6.252747252747253,1.2425919613317475,mr_z_20_0.5,mean_reversion
-0.0438527120374124,-0.018962059983545936,-0.007176811453424858,0.08388800769341795,-0.20753708892354084,-0.0345808621033241,0.04093836246550138,-0.3847013606709842,39.73195342787699,0.007363092498849517,21.875,1.198561327450994,time_month_10_1,time_calendar
-0.04734633874610414,-0.06425000080128782,-0.09148111484917265,0.39342933295478044,-0.8255045822264894,-0.11081842162804935,0.5059797608095676,0.35100736755579137,14.19934205832379,0.1155085135757018,17.166666666666668,1.3215683659421185,trend_donchian_10,trend_following
-0.04846383179889308,-0.06272503071854231,-0.09348184318210795,0.3946383923771202,-0.8064513831922735,-0.11591751856379937,0.5064397424103035,-0.5593165671355793,14.056349891450932,0.6705016106764842,2.97119341563786,1.0503610725274033,mr_st_rev_2,mean_reversion
-0.05063234274946771,-0.06454185894706747,-0.09416683337448528,0.3942915263011995,-0.8267619461294283,-0.11389836435412051,0.5050597976080957,-0.6035432790679837,14.092013433413026,0.5306028531983433,3.753899480069324,1.2868618448084046,mr_st_rev_3,mean_reversion
-0.05173676264808991,-0.037179937599913754,-0.05828623065486638,0.29576682683888966,-0.7110172091856699,-0.08197583673331872,0.15915363385464582,-1.1518523730591461,44.97845366972928,0.12517257248044178,5.080882352941177,1.2570630128235263,vol_highmr_20_10_0.4,volatility_regime
-0.05180863195688488,-0.0190681252386759,-0.01340885704897743,0.11673882314645483,-0.28933208161128743,-0.046344176471054634,0.03357865685372585,-15.421381836655865,553.0177894665783,0.10768522779567419,1.2136752136752136,1.0508257932093537,mr_z_10_2.0,mean_reversion
-0.05657729168768256,-0.02667760653829792,-0.021920194235463653,0.15871607385221548,-0.43096680779527474,-0.050862836392323044,0.05565777368905244,-5.405283001960175,184.26581954301847,0.10860561435803037,2.0,1.354870322657772,mr_z_20_2.0,mean_reversion
-0.05668503626737105,-0.045146675105342454,-0.0658023815121157,0.31354644609375737,-0.7752234191730741,-0.08488182875360216,0.20377184912603497,-1.1348821719317603,36.619914904510125,0.1334560515416475,6.048275862068966,1.1327705936074703,vol_highmr_20_10_0.5,volatility_regime
-0.060584596393119444,-0.0684322336829451,-0.08603907076111139,0.36342680202871513,-0.6702456214880592,-0.1283694633766673,0.44250229990800366,-1.4653670074479461,19.568489958064045,0.23607915324436263,7.400778210116732,0.9737794511083129,ml_linear_thr_20_0.00,ml_like
-0.060584596393119444,-0.0684322336829451,-0.08603907076111139,0.36342680202871513,-0.6702456214880592,-0.1283694633766673,0.44250229990800366,-1.4653670074479461,19.568489958064045,0.23607915324436263,7.400778210116732,0.9737794511083129,ml_linear_score_20,ml_like
-0.062111400938473275,-0.010207151670113912,-0.010010064682727915,0.09000675779264453,-0.2896841577516982,-0.03455509876820207,0.00919963201471941,-22.96308385729044,895.6437759395143,0.03313391624482283,1.0,1.1515984570773896,event_quarter_turn_-1,event_flow
-0.06656582412748052,-0.03009061436562757,-0.0266372903562897,0.17232305591886038,-0.45725492903873355,-0.05825479106858361,0.06577736890524379,-4.8392996802890025,160.55222225446911,0.08191440404970088,3.1123595505617976,1.276155633057043,mr_z_60_2.0,mean_reversion
-0.0668286436598233,-0.08875564854457388,-0.09205067506514719,0.3776609376296313,-0.7195432005921031,-0.12792932375606067,0.48206071757129715,0.3089521217559899,16.62733439473668,0.017027151403589506,109.52631578947368,1.4464414408047443,trend_donchian_90,trend_following
-0.07213697907809585,-0.023623977882707783,-0.025433928463850397,0.16739814189325575,-0.42738493341756234,-0.059510587470666655,0.01609935602575897,4.281596298860866,140.25935295019138,0.012885411872986655,5.214285714285714,0.8226016194085367,mr_rsi_30_70_30,mean_reversion
-0.07234141115102535,-0.09418111891904817,-0.09349740227516434,0.37643866324721864,-0.6521343558503948,-0.14337137958802784,0.48390064397424104,0.25796719370773485,16.872623315190015,0.046479521398987575,40.27450980392157,1.6076430859848638,trend_ma_cross_5_120,trend_following
-0.07554559067805716,-0.10111955876103566,-0.10046073589716364,0.38989488075609446,-0.8766613233500158,-0.11459469377884154,0.4834406623735051,-0.010049739606407669,14.68917798853198,0.3069489185457892,6.446107784431137,1.2011804282763423,stat_ac_switch_40,stat_structure
-0.07582111782646414,-0.0657935904478836,-0.026444794686618533,0.16723541944202225,-0.5659706380525726,-0.046724675996558274,0.20791168353265868,-1.2275527000995732,22.156378536394442,0.06488725264611137,12.211267605633802,2.1203099265715344,vol_lowtrend_120_20_0.4,volatility_regime
-0.07896674185142386,-0.06756164421985365,-0.06989793359520546,0.30793089273982455,-0.7196881641862378,-0.09712252760769378,0.20745170193192272,-0.5503968027846787,38.8009012249003,0.06994937873907041,12.197368421052632,0.9793710446783073,vol_highmr_60_60_0.6,volatility_regime
-0.08656201207300779,-0.12521854351213674,-0.10566842355868156,0.3947422513995081,-0.7242879176804575,-0.1458928431347306,0.48758049678012877,0.6040015110239539,14.029625746608687,0.5398067188219052,3.696763202725724,1.3610976763758749,micro_lag_momentum_3,microstructure_proxy
-0.09534270377564867,-0.12549600352500806,-0.10209788925589036,0.37828114558546894,-0.6678622427117447,-0.15287267751682715,0.48666053357865685,0.25692345744922734,16.511338930306184,0.046479521398987575,40.86274509803921,1.5394669401656917,trend_ma_cross_5_90,trend_following
-0.10205746687109288,-0.10822950773863226,-0.0464349214555686,0.22213644282995015,-0.6583745436258897,-0.07052964289865365,0.3045078196872125,-0.7750552233375962,9.568272713482536,0.07777266451909802,15.16470588235294,1.9961275664332345,vol_lowtrend_120_20_0.6,volatility_regime
-0.1032478652420663,-0.07956189172020493,-0.0763497600006231,0.30602562798481275,-0.7757086830840506,-0.09842581585779661,0.18215271389144433,-1.0021029505637078,39.17307861090256,0.11780947998159227,6.1953125,1.4456804157889562,vol_highmr_20_20_0.5,volatility_regime
-0.10331937893986659,-0.06741270151568836,-0.06792553147848523,0.2831117079338942,-0.715892266518986,-0.09488233726657937,0.1421343146274149,-1.2994748375948248,54.34441122454823,0.061665899677864705,9.238805970149254,1.0661192045171297,vol_highmr_20_60_0.4,volatility_regime
-0.10573320776616187,-0.1328725135599912,-0.09959711814609484,0.3642425514126166,-0.7798092750885554,-0.12771984295090213,0.43836246550137997,0.29986500461438526,19.37380934535241,0.06488725264611137,27.056338028169016,1.5877151055765448,trend_mom_252,trend_following
-0.10715815276214974,-0.14565240980968644,-0.11262091134804653,0.3934180190425631,-0.8365190870057607,-0.13463041441293058,0.5036798528058878,0.3512885979203917,14.22164086911225,0.2802577082374597,7.091803278688524,1.2634735257527308,trend_mom_10,trend_following
-0.10836070204416035,-0.1310054135533825,-0.09411228680359729,0.3475793204998249,-0.8580533732525226,-0.10968115706689337,0.3767249310027599,-0.4155513487209057,22.884414792440523,0.12931431201104465,12.134751773049645,1.361303895407765,mr_z_60_0.5,mean_reversion
-0.12249091891647887,-0.0906054590611243,-0.04006110302608312,0.18642402839703826,-0.5848247374404671,-0.06850104050205756,0.10303587856485741,-3.856144806177144,105.97092156531659,0.393005062126093,1.0,1.1692237717949354,time_dow_4_1,time_calendar
-0.1237004859278623,-0.17578520307586626,-0.11874514081150966,0.3947370959014954,-0.7285230383268078,-0.16299435235990278,0.484360625574977,0.5563833255665169,14.015617743765855,0.6686608375517717,2.986244841815681,1.0324870013392728,micro_lag_momentum_2,microstructure_proxy
-0.125152117704046,-0.09204563716423803,-0.04038231769531164,0.1858409778886122,-0.5570047515524921,-0.07249905424089281,0.10119595216191353,-4.040735374999761,107.2595422053536,0.3920846755637368,1.0,1.54572474948215,event_weekday_revert_4,event_flow
-0.1264179434240293,-0.11508681093193407,-0.033420843542831924,0.16324486341865996,-0.5386856135747555,-0.062041462962017534,0.20745170193192272,-0.28398800303418925,7.937458957439139,0.09157846295444086,8.47,1.9695986766539004,vol_lowtrend_120_10_0.4,volatility_regime
-0.1305189520209332,-0.12995350936086936,-0.08055586062753417,0.2971574274421792,-0.8272041410775605,-0.09738328984003926,0.26356945722171116,-1.244709968715969,39.559052104805154,0.24528301886792453,4.3745318352059925,1.417155138173181,mr_z_20_1.0,mean_reversion
-0.132869732439772,-0.13290130122400973,-0.08463757602349076,0.3056447584112894,-0.8275240925841538,-0.1022780808218963,0.25390984360625574,-1.2168415813042675,37.30156628408716,0.3308789691670502,3.077777777777778,1.334949689906022,mr_z_10_1.0,mean_reversion
-0.1337143892694363,-0.09931121717455298,-0.04137173519773796,0.18383901783084725,-0.5282003612683266,-0.07832583661684156,0.10027598896044158,-4.74615076834016,111.96765424503334,0.3976069949378739,1.0,1.4707163005423383,event_weekday_revert_0,event_flow
-0.13833187045392673,-0.13381328574775625,-0.043591682121570496,0.19054824930559344,-0.5280374566724415,-0.08255414757163573,0.21757129714811407,-0.29340673083034924,10.204918119184969,0.05200184077312471,16.403508771929825,1.6489199165473885,vol_lowtrend_120_60_0.4,volatility_regime
-0.13899192057473977,-0.2036530903260797,-0.1212311548115691,0.3898772004749081,-0.8241478045017625,-0.14709880211925352,0.4797608095676173,1.0677042250984625,14.723268184755,0.39346525540727106,5.030373831775701,1.02528968427625,stat_ac_switch_20,stat_structure
-0.1448410976469234,-0.11602722671360315,-0.08788259147942712,0.30603039835233936,-0.7567517551517983,-0.116131334854562,0.17755289788408463,-0.7168499528032958,39.17108493331145,0.06902899217671422,10.573333333333334,1.2102250288021847,vol_highmr_120_20_0.5,volatility_regime
-0.1519219287542097,-0.18318354642056525,-0.10696215614076654,0.3457396390743047,-0.8852736958500954,-0.12082382730002379,0.3804047838086477,-0.48924074538838386,23.033272728151697,0.15692590888173033,10.005847953216374,1.541459063201888,mr_z_40_0.5,mean_reversion
-0.15435104021185778,-0.20408955998067482,-0.12274456198317785,0.37998661396554484,-0.7488456306036864,-0.16391170218094572,0.4889604415823367,0.241538258274372,16.1844977701402,0.024390243902439025,77.92592592592592,1.4364189858760872,trend_donchian_60,trend_following
-0.15744453412469048,-0.06015806562841773,-0.023041859932149356,0.10960208085941002,-0.34323696408155224,-0.06713105621866396,0.03633854645814168,-1.367391670458733,81.95475305701174,0.007363092498849517,21.75,1.1160881142031038,time_month_11_1,time_calendar
-0.1588469421801304,-0.18779576517685884,-0.11132651882124345,0.35015554973704555,-0.845979697991712,-0.131594787777286,0.3822447102115915,-0.7633438571419144,21.638507873532898,0.35757017947537967,4.233933161953727,1.2794925526944187,mr_z_10_0.5,mean_reversion
-0.16788211061350464,-0.1113158273127715,-0.08665422016756885,0.2875764945452866,-0.7834495778616937,-0.11060599509666946,0.14167433302667892,-1.2278562401917492,50.016087959563755,0.07823285780027611,7.211764705882353,1.4015383192470257,vol_highmr_20_20_0.4,volatility_regime
-0.16802799281481942,-0.1491734815676424,-0.04547366499321093,0.1803430465246471,-0.5288911632972557,-0.08597924894344874,0.09475620975160993,0.47118002739784526,30.743146174569883,0.3994477680625863,1.0,1.3882556382453202,event_weekday_revert_1,event_flow
-0.18196759367547105,-0.057952063300101234,-0.022753076598846733,0.09901437408764792,-0.32558694808115884,-0.06988325770695576,0.04645814167433303,-4.435886218950497,68.87314699995282,0.007363092498849517,21.75,1.0941210926732479,time_month_07_1,time_calendar
-0.18510996997233783,-0.25811617714642515,-0.13983169246816052,0.3944977308972918,-0.7881179600864958,-0.17742482667523093,0.4816007359705612,0.4832812383687928,14.069028626677504,1.0230096640589048,1.9460431654676258,1.168771504664233,micro_lag_momentum_1,microstructure_proxy
-0.1883232334687546,-0.13617554972991916,-0.09494902627782853,0.2942453560390842,-0.7823495012328088,-0.12136395067433241,0.16651333946642136,-1.2086080139161322,46.79065129746786,0.07915324436263231,8.686046511627907,1.2230248404828,vol_highmr_20_60_0.5,volatility_regime
-0.18957056981432363,-0.0925756179007644,-0.05733794316124652,0.20197202423334132,-0.5391623208103005,-0.1063463468199478,0.061637534498620056,-0.8002275099291156,124.71216064809276,0.06810860561435803,3.7027027027027026,1.3689187002455363,mr_rsi_14_70_30,mean_reversion
-0.1956544880102771,-0.14071213498022703,-0.0456398341616191,0.16560752447199567,-0.5601286896416078,-0.0814809792919905,0.10303587856485741,-5.310307954582485,105.45437833229184,0.3985273815002301,1.0,1.2354365459478291,event_weekday_trend_2,event_flow
-0.1958190865635685,-0.19633152996144185,-0.051822685832272675,0.18452296565162749,-0.6374701074731542,-0.08129429948897453,0.24471021159153633,-0.34917133710993364,6.122312690333159,0.09157846295444086,10.31,2.0288915446464677,vol_lowtrend_120_10_0.5,volatility_regime
-0.20589716074791972,-0.1605170604242752,-0.07468454751067,0.23772134883352466,-0.7406981332302058,-0.10082993889139116,0.15501379944802207,-0.6671277795262269,64.31639791841381,0.13713759779107226,4.7114093959731544,1.3591047547348545,mr_z_40_1.5,mean_reversion
-0.21080102044185625,-0.16518141394127028,-0.0775064884457074,0.24212865351782842,-0.6962817256708872,-0.11131483936464998,0.1545538178472861,-0.2686083895262002,62.62022432944002,0.10860561435803037,5.966101694915254,1.2859295079722248,mr_z_60_1.5,mean_reversion
-0.2141111319744901,-0.19062916730360913,-0.11494394659104468,0.32259340668037323,-0.8126572179733789,-0.14144210381537348,0.23229070837166513,-0.8202501310030899,31.47801719178005,0.13069489185457892,7.288732394366197,1.5330897576477829,vol_highmr_20_20_0.6,volatility_regime
-0.2183077735776913,-0.25982048976228894,-0.13509050546873824,0.36092331969521707,-0.8014175880197547,-0.16856443817556913,0.38638454461821525,-0.7546914245679089,20.59224084386835,0.52416014726185,2.912280701754386,1.1315474123973404,mr_z_5_0.5,mean_reversion
-0.22246041741500303,-0.30887505003726734,-0.15256162517696203,0.39381155657073724,-0.8460531258442512,-0.18032156671550031,0.484360625574977,0.05523437066320257,14.134771354249263,1.0211688909341923,1.945045045045045,1.0737411666839312,micro_lag_revert_5,microstructure_proxy
-0.22588759727806038,-0.10248996581674479,-0.027589761804904467,0.10113267053717152,-0.43381690444469156,-0.06359771028322932,0.04001839926402944,-0.5897537111803202,58.685102364906605,0.008283479061205707,21.444444444444443,1.346345192919626,time_month_01_-1,time_calendar
-0.22746256733227252,-0.17353408473556098,-0.10505782290801557,0.29424645453506926,-0.718619939588216,-0.14619386009254026,0.16191352345906163,-0.6688767871495528,46.80991047799479,0.039576622181316155,17.372093023255815,1.292781043279413,vol_highmr_120_60_0.5,volatility_regime
-0.22770132838407478,-0.19482833139510947,-0.09629768971012176,0.2745776271561941,-0.78448452170427,-0.12275282309049905,0.18629254829806807,-1.5170947825869838,55.509488152262044,0.247583985273815,3.063197026022305,1.3113404784454736,mr_rsi_5_70_30,mean_reversion
-0.23020285419133202,-0.21127414785367554,-0.11940019407288938,0.32261673125433876,-0.7933169718271754,-0.15050755033985366,0.22907083716651333,-0.5946917289756027,31.47866442461687,0.06534744592728946,14.577464788732394,1.0669725244937174,vol_highmr_120_20_0.6,volatility_regime
-0.2343912095933512,-0.2372776289620541,-0.11216864005914184,0.30507445255474097,-0.7961304094754638,-0.14089229443314955,0.2755289788408464,-0.8971378784602039,37.0093314546352,0.16244822825586747,7.033898305084746,1.2528828679464965,mr_z_40_1.0,mean_reversion
-0.23624558640740967,-0.2226080923255034,-0.12238862133642592,0.3253567628272331,-0.7947994989148138,-0.15398678723800943,0.24011039558417663,-0.4445051594628805,31.412400014802042,0.09479981592268753,10.339805825242719,1.2508071886541363,vol_highmr_120_10_0.6,volatility_regime
-0.23676063452496324,-0.17250929633650808,-0.05935467845195763,0.1839861866456025,-0.49152947100355826,-0.12075507564307818,0.10717571297148114,-4.1850519570869915,111.48684514016391,0.3985273815002301,1.0,1.2906800368271196,time_dow_0_1,time_calendar
-0.23679449527071506,-0.19943204363415498,-0.09257905175581516,0.2629960303652758,-0.7051063710814391,-0.13129799354059596,0.18215271389144433,-0.13295689308468714,45.75187811621213,0.10078232857800276,7.609090909090909,1.2882513436791738,ml_linear_thr_60_0.25,ml_like
-0.2396715287714035,-0.17345125775103326,-0.07840461011069744,0.2278809415491001,-0.637458983317837,-0.1229955372226387,0.11959521619135234,-2.9341955614970536,106.63328345771734,0.26231017027151404,1.8491228070175438,1.4408146937580641,mr_z_10_1.5,mean_reversion
-0.24290301472445663,-0.11457941905350146,-0.023996537333388912,0.08507218804618032,-0.23932173106804766,-0.10026894434615959,0.04001839926402944,-0.34477047979599257,35.187021953272705,0.007363092498849517,22.5,0.727100258326304,time_month_08_-1,time_calendar
-0.24412534339869382,-0.16733759360194997,-0.08072185360912265,0.2303761318817424,-0.7415717385304879,-0.10885238664700694,0.14029438822447102,-4.216079078928499,87.85422447935368,0.1932811780947998,2.9238095238095236,1.440889033531596,mr_z_20_1.5,mean_reversion
-0.24697865200447142,-0.10131199506928099,-0.037893050120252236,0.12457887298676404,-0.328679104164771,-0.11528889314831735,0.0390984360625575,-2.023670521820799,72.86625683512034,0.035895075931891396,4.794871794871795,1.1401416921696728,ml_linear_thr_60_0.50,ml_like
-0.25444834046103215,-0.17975485218521012,-0.0925193874384489,0.25273193911575953,-0.7728284927507828,-0.11971529039906179,0.16145354185832567,-1.8394709025820533,41.90464554735354,0.09479981592268753,6.951456310679611,1.418849862516517,event_opec_proxy_reversion,event_flow
-0.25526580355423706,-0.1612312598622231,-0.07709606663218871,0.21894368319022706,-0.6518805620229243,-0.11826716598639622,0.09659613615455381,-0.629855511149564,91.03023817313176,0.10676484123331799,3.853448275862069,1.3417624893738334,mr_rsi_10_70_30,mean_reversion
-0.26658320215505027,-0.09953891611632293,-0.056080275514404976,0.1650073715874515,-0.5134528911863439,-0.10922185165755145,0.03633854645814168,0.7348098019530739,246.0881376373265,0.008283479061205707,20.555555555555557,0.9125105441664625,time_month_04_-1,time_calendar
-0.2680943890165349,-0.39107116666069847,-0.1679550255129727,0.39529731211519237,-0.8588877578891627,-0.19554944632759724,0.4641214351425943,0.5272158012758875,13.975963572484833,0.005982512655315232,310.42857142857144,1.1555290934013591,stat_vr_120,stat_structure
-0.27534548002273773,-0.35743219949384614,-0.17081222122358275,0.3941776392190414,-0.9117062183742333,-0.18735445451714702,0.4963201471941122,-0.45435545226436175,14.072927974686422,0.3815002300966406,5.2216867469879515,1.3229679052719256,mr_st_rev_5,mean_reversion
-0.2830127461809757,-0.10254755107041565,-0.04719053029565212,0.13596507507136613,-0.4488066495096419,-0.1051466825349101,0.04001839926402944,-9.878528437611632,236.38931625135564,0.06994937873907041,2.4210526315789473,1.1224872004311708,ml_linear_thr_20_0.50,ml_like
-0.2852224959558161,-0.24415069706165812,-0.13007267930837163,0.3135050461502938,-0.7972179348435993,-0.16315824522152345,0.19181232750689972,-0.5273164691752412,36.617655205477696,0.08467556373676945,9.532608695652174,1.261411509676214,vol_highmr_120_10_0.5,volatility_regime
-0.28828749600863834,-0.19962615733351763,-0.11763570802742573,0.2875663702137654,-0.7630963409105423,-0.15415577525493862,0.13339466421343146,-0.9676763167441206,50.00521053377365,0.04233778186838472,13.326086956521738,0.9608822663452324,vol_highmr_120_20_0.4,volatility_regime
-0.29555418058255,-0.3601284664689791,-0.1571069901913127,0.35940865620628143,-0.8051895042172236,-0.19511803043663786,0.4043238270469181,0.3269360050504381,20.56196371628233,0.006902899217671422,224.375,1.3925475634640592,trend_donchian_252,trend_following
-0.2974884768003296,-0.43304471074308454,-0.17759163065899475,0.3952917701459899,-0.8723801118079282,-0.20357138849801232,0.4604415823367065,0.5107516813804478,13.978887312132812,0.03359410952600092,58.729729729729726,1.0735195491398362,stat_vr_20,stat_structure
-0.29824916936559,-0.1348290256413082,-0.06476546057522459,0.1723926188236969,-0.5851785840842685,-0.11067640261726902,0.05979760809567617,-4.76185051632593,160.47435968099904,0.08375517717441325,2.901098901098901,1.2415454540618582,mr_z_40_2.0,mean_reversion
-0.3004482390794429,-0.12426904718239408,-0.0945980364400596,0.2353860181947909,-0.6160456389975912,-0.15355686405609947,0.05243790248390064,-2.0641863196404033,107.40324879109079,0.03681546249424758,5.7,0.8774632742104093,mr_rsi_30_65_35,mean_reversion
-0.30336383628632746,-0.1644025879456246,-0.10025253596781414,0.24560648353458603,-0.7357750218134497,-0.13625433453909255,0.08739650413983441,-1.8667401001216013,90.77635534182787,0.06994937873907041,5.157894736842105,1.3363082298331448,mr_rsi_20_65_35,mean_reversion
-0.31307116116585154,-0.36330574984455066,-0.14942828922013307,0.3344744302510472,-0.8648664126534125,-0.1727761502051096,0.37994480220791166,-1.0968068328329132,17.57170545057272,0.18775885872066267,8.514705882352942,1.2775759328551275,stat_hurst_60,stat_structure
-0.3169472923060665,-0.4587362944751388,-0.1839124761905433,0.3952932279781356,-0.8805981077281968,-0.20884950191955262,0.4613615455381785,0.4999160102112732,13.981645825685508,0.017027151403589506,114.36842105263158,1.1684578838906683,stat_vr_40,stat_structure
-0.3179361501871134,-0.2758220097992561,-0.13589481698777672,0.30787148129054714,-0.8046218243770962,-0.16889278027328153,0.19825206991720332,-0.5593983733593915,38.79645531711748,0.04878048780487805,17.49056603773585,1.3355341175759732,vol_highmr_120_60_0.6,volatility_regime
-0.3192774274725933,-0.16614697947525772,-0.07080309628770509,0.1767279768280732,-0.6298199780177035,-0.11241799047156056,0.06301747930082796,-9.717631932650516,216.9488343445657,0.22549470777726646,1.1306122448979592,1.3054767871430202,mr_z_5_1.5,mean_reversion
-0.3197702717898525,-0.4233687703585529,-0.1826421847280011,0.3898044590584634,-0.9352781529301226,-0.19528114086232862,0.47470101195952163,-0.43583375066435165,14.662435090445062,0.1863782788771284,10.605911330049262,1.4642908910201986,mr_st_rev_20,mean_reversion
-0.3201401621338611,-0.263724198155349,-0.13673311753923711,0.30785773032285174,-0.8291898633626565,-0.16489964914015148,0.20331186752529898,-1.0444683951239915,38.76472925753731,0.09848136217211229,8.663551401869158,1.4323846937800193,vol_highmr_20_60_0.6,volatility_regime
-0.32294103299361987,-0.2446507879962899,-0.0660779273159251,0.16685125811687024,-0.4898704737852696,-0.13488856922769935,0.09429622815087396,-4.720265539001563,102.3390528917614,0.40220892774965483,1.0,1.282710959758713,time_dow_2_-1,time_calendar
-0.3238183130875888,-0.32313891529881034,-0.13734459000427102,0.3073536594737175,-0.8703320664213103,-0.15780711213922738,0.2732290708371665,-0.9185873138218926,36.18124916718156,0.12747353888633225,8.992805755395683,1.4024341849018185,mr_z_60_1.0,mean_reversion
-0.3320545452789148,-0.17163944313093055,-0.03434679512810612,0.09244146307269442,-0.3647434763315337,-0.09416698956060951,0.03311867525298988,1.3321767676389686,43.89364543003077,0.007363092498849517,21.625,0.7807767928810133,time_month_06_-1,time_calendar
-0.33278438673330907,-0.2988449177805292,-0.07411150004987344,0.18186148363771557,-0.6546695454743288,-0.1132044411750727,0.08923643054277829,0.7780495898528099,30.041691669317313,0.40220892774965483,1.0,1.3658534093364674,time_dow_1_-1,time_calendar
-0.33696371635875966,-0.33127355742347603,-0.1395241175837707,0.3046869768770473,-0.8593637626090811,-0.16235745984913835,0.25068997240110397,-1.278072228166878,37.63349380396432,0.2825586746433502,3.6514657980456025,1.3699054753660993,mr_rsi_5_65_35,mean_reversion
-0.33813700615886894,-0.14979620358236867,-0.03230363262913705,0.08612506826329065,-0.3530928866552073,-0.09148763356592292,0.030818767249310028,-0.14879540317811807,55.931152602223925,0.007363092498849517,21.0,1.071385628288063,time_month_12_-1,time_calendar
-0.33950362025036135,-0.1174139904672173,-0.07931379803719463,0.18933493536678858,-0.5634168535762204,-0.14077285323223668,0.03265869365225391,-1.4193997290296954,158.9310733175007,0.035895075931891396,3.58974358974359,1.0643905162692302,mr_rsi_20_70_30,mean_reversion
-0.3422891494934203,-0.11415930742739548,-0.076660971323397,0.18207181407710088,-0.642221235151246,-0.1193684779127922,0.04415823367065318,-5.364845645214388,134.69230478318565,0.008283479061205707,22.0,1.179006918777372,time_month_03_1,time_calendar
-0.3449601565522387,-0.4953630524406205,-0.19297026715498322,0.3952465690194024,-0.8915587623396888,-0.2164414453718801,0.4586016559337627,0.4165546627267692,13.983146264614643,0.013345605154164749,144.86666666666667,1.161987734273304,stat_vr_60,stat_structure
-0.34755996594625505,-0.4663803816016437,-0.19094153070481357,0.3898336455613974,-0.9239065521406965,-0.20666757938039765,0.48666053357865685,0.06826816898007823,14.699178696324942,0.28854118729866546,6.856687898089172,1.4241341407022796,stat_ac_switch_60,stat_structure
-0.3502008782421005,-0.35976674169064904,-0.09249277652986876,0.21220113857123593,-0.7394106378636245,-0.1250898645399295,0.2893284268629255,-0.9184301666138679,9.981161592718166,0.1063046479521399,10.525862068965518,1.998960823426086,vol_lowtrend_120_10_0.6,volatility_regime
-0.3529338155632118,-0.35381600604100877,-0.13031426422579984,0.28070782074746375,-0.7498034525757657,-0.17379789833984274,0.22355105795768168,-1.6126580816371652,50.88375375209205,0.4873446847676024,1.8679245283018868,1.21369181113312,mr_z_5_1.0,mean_reversion
-0.3715888548583776,-0.2918176154761509,-0.07170179605915616,0.1637136234084487,-0.5763794114038135,-0.12440034227523304,0.10119595216191353,-1.3618327130954295,43.112044906641806,0.4035895075931891,1.0,1.3241409168303728,event_weekday_revert_3,event_flow
-0.38211854511700133,-0.1356876045899383,-0.042811888103830076,0.10085191613490174,-0.37242011989162127,-0.11495589474643286,0.035878564857405704,-5.229145299067727,153.09028200870299,0.007363092498849517,21.375,1.0614407482105774,time_month_09_-1,time_calendar
-0.40119208681434587,-0.29618795158862715,-0.08985510310916645,0.19022478796663522,-0.6193655081260675,-0.14507605271866705,0.09567617295308188,2.4271588937508177,64.31413034817461,0.1514035895075932,2.7515151515151515,1.3492153696275604,event_turn_month_reversion,event_flow
-0.4147668516011693,-0.3834465842796296,-0.09553129405786598,0.19577234998149604,-0.64789696191067,-0.14744828217127848,0.14443422263109476,0.00637357188513682,16.016695868632368,0.007823285780027611,80.77777777777777,1.0521862451124993,time_summer_-1,time_calendar
-0.4262461460486056,-0.16784548755987083,-0.05318249226553118,0.1129290833599014,-0.45721865471109957,-0.11631741556787313,0.03771849126034959,-3.8379315704439647,92.50164177950259,0.007823285780027611,22.22222222222222,1.032883200472281,time_month_05_-1,time_calendar
-0.43202874857145784,-0.25528108400195243,-0.09601424789216162,0.19021074985628725,-0.7319848651287314,-0.13116971738909491,0.09613615455381785,-3.864833997371336,63.66078578257064,0.09249884951679706,4.5049504950495045,1.334419674320882,time_turnmonth_-1,time_calendar
-0.43807280525842596,-0.3279889272530134,-0.15985644539833266,0.2956850532456938,-0.8214939599559289,-0.19459235635367783,0.15041398344066237,-0.8796205675645306,44.94714522491388,0.08283479061205706,7.677777777777778,1.147016198840703,vol_highmr_120_10_0.4,volatility_regime
-0.47351091651803406,-0.355943519541865,-0.1459825482149758,0.2596881105299532,-0.8297373019987896,-0.175938273310283,0.15593376264949402,-1.9308404041360896,68.52181282187529,0.1509433962264151,4.378048780487805,1.2630387613625766,mr_rsi_10_65_35,mean_reversion
-0.4945855126365562,-0.18995602380303844,-0.05494309466434877,0.10329112303721821,-0.4522468368074154,-0.12148917403622267,0.03679852805887764,-3.236871471703434,77.7999053990468,0.008283479061205707,20.22222222222222,1.1511927374268953,time_month_02_-1,time_calendar
-0.499572203861557,-0.32550133625978833,-0.14507837287231184,0.24941048933918394,-0.7980603846982482,-0.18178871630996335,0.11913523459061638,-1.9258323913496356,83.26509244148156,0.10032213529682467,5.128440366972477,1.2706640117852184,mr_rsi_14_65_35,mean_reversion
-0.7047328097283942,-0.9013554749614949,-0.29962925747830627,0.39332869732271475,-0.984230581792127,-0.3044299405251407,0.4678012879484821,-0.674575648772986,14.127712498164694,1.0220892774965487,1.945094509450945,1.4686886917527928,micro_lag_revert_3,microstructure_proxy
-0.9190662760494805,-0.7442869456277085,-0.15117994248157318,0.16356645497950953,-0.7750448937920239,-0.19505959421486863,0.08693652253909843,-1.2384950994743145,43.100864374787406,0.4035895075931891,1.0,1.3937860544965273,time_dow_3_-1,time_calendar
