date,walkforward_portfolio
2017-01-31,0.0
2017-02-01,0.021800341849586107
2017-02-02,-0.00015
2017-02-03,0.0
2017-02-06,-0.0
2017-02-07,-0.0
2017-02-08,0.001121571298819163
2017-02-09,-0.00015
2017-02-10,0.0
2017-02-13,-0.0
2017-02-14,0.0
2017-02-15,-0.004080677148472728
2017-02-16,-0.00015
2017-02-17,0.0
2017-02-20,0.0
2017-02-21,0.0
2017-02-22,-0.014622290857747595
2017-02-23,-0.00015
2017-02-24,-0.0
2017-02-27,-0.0
2017-02-28,0.0
2017-03-01,-0.0
2017-03-02,-0.0
2017-03-03,0.0
2017-03-06,0.0
2017-03-07,-0.0
2017-03-08,-0.0
2017-03-09,-0.017472538128413
2017-03-10,-0.01571182218815881
2017-03-13,-0.00015
2017-03-14,-0.0
2017-03-15,0.0
2017-03-16,-0.0
2017-03-17,0.0
2017-03-20,-0.0
2017-03-21,0.012635741960480212
2017-03-22,0.006279434850863352
2017-03-23,0.0015797788309634964
2017-03-24,-0.004746835443038222
2017-03-27,0.0009842519685044904
2017-03-28,-0.011428571428571344
2017-03-29,-0.02123514513929492
2017-03-30,-0.010301411674932925
2017-03-31,0.0
2017-04-03,-0.0
2017-04-04,0.0
2017-04-05,0.0
2017-04-06,0.0
2017-04-07,0.0
2017-04-10,0.0
2017-04-11,0.0
2017-04-12,-0.0
2017-04-13,0.0
2017-04-17,-0.0
2017-04-18,-0.0
2017-04-19,-0.0
2017-04-20,0.0
2017-04-21,-0.0
2017-04-24,-0.0
2017-04-25,0.0
2017-04-26,-0.0
2017-04-27,-0.0
2017-04-28,0.0
2017-05-01,-0.01018251681075888
2017-05-02,-0.020574534161490687
2017-05-03,0.0065398335315098866
2017-05-04,-0.04745028548926944
2017-05-05,0.01488218272013242
2017-05-08,0.004887983706721055
2017-05-09,-0.012363194162951618
2017-05-10,0.030576646829469256
2017-05-11,0.01095181202708062
2017-05-12,0.00137876698837891
2017-05-15,0.01927616050354053
2017-05-16,-0.00015
2017-05-17,0.0
2017-05-18,0.0
2017-05-19,0.0
2017-05-22,0.0
2017-05-23,-0.005347698162242581
2017-05-24,0.0035087719298247944
2017-05-25,-0.00015
2017-05-26,0.013258472600077603
2017-05-29,-0.00015
2017-05-30,-0.0
2017-05-31,-0.0
2017-06-01,-0.002711071710008189
2017-06-02,-0.013430772269404923
2017-06-05,-0.00960960960960977
2017-06-06,0.01313927632908829
2017-06-07,-0.04110135674381521
2017-06-08,-0.004161464835622075
2017-06-09,0.006059339740911218
2017-06-12,0.002907580477673921
2017-06-13,0.008904535100434652
2017-06-14,-0.03530377668308693
2017-06-15,-0.0017021276595742263
2017-06-16,0.009590792838874096
2017-06-19,-0.009710787418197198
2017-06-20,-0.018972500532935643
2017-06-21,-0.02607561929595803
2017-06-22,0.008924587237840287
2017-06-23,0.0070765148164531055
2017-06-26,0.006368028107158086
2017-06-27,0.01789221034257027
2017-06-28,0.014147909967845651
2017-06-29,0.0023250898330167136
2017-06-30,0.0
2017-07-03,0.018509011687512716
2017-07-04,-0.0014090177133656567
2017-07-05,-0.036686151985486415
2017-07-06,0.006695961498221381
2017-07-07,0.02879997921430063
2017-07-10,0.0033394776279167208
2017-07-11,0.013651877133105561
2017-07-12,0.004629629629630205
2017-07-13,-0.00015
2017-07-14,-0.010269785212722388
2017-07-17,0.010018401144959888
2017-07-18,-0.00867410161090465
2017-07-19,-0.00015
2017-07-20,-0.0
2017-07-21,-0.0
2017-07-24,-0.011385955056180248
2017-07-25,-0.032921810699588105
2017-07-26,-0.015338645418326635
2017-07-27,-0.010202079654699103
2017-07-28,-0.02000388424936883
2017-07-31,0.0
2017-08-01,-0.0
2017-08-02,0.0
2017-08-03,-0.0
2017-08-04,0.0
2017-08-07,-0.0
2017-08-08,-0.0
2017-08-09,0.0
2017-08-10,-0.0
2017-08-11,0.0
2017-08-14,-0.0
2017-08-15,0.0
2017-08-16,-0.0
2017-08-17,0.0
2017-08-18,0.0
2017-08-21,-0.0
2017-08-22,0.003915040650407026
2017-08-23,0.013495276653171073
2017-08-24,0.009781795700969565
2017-08-25,-0.00015
2017-08-28,0.009771770654455319
2017-08-29,-0.00015
2017-08-30,-0.0
2017-08-31,0.0
2017-09-01,0.0019309685962919211
2017-09-04,0.007772511848341379
2017-09-05,-0.00015
2017-09-06,-0.015511558636193041
2017-09-07,-0.005350553505535149
2017-09-08,0.013029913745641442
2017-09-11,-0.0011156563778360606
2017-09-12,-0.007986627043090166
2017-09-13,-0.016399484061175862
2017-09-14,-0.00015
2017-09-15,0.0
2017-09-18,-0.0
2017-09-19,-0.0
2017-09-20,0.0
2017-09-21,0.0
2017-09-22,0.0
2017-09-25,0.0
2017-09-26,-0.0
2017-09-27,-0.0
2017-09-28,-0.0
2017-09-29,-0.0
2017-10-02,-0.0
2017-10-03,-0.0
2017-10-04,-0.0
2017-10-05,0.0
2017-10-06,-0.0
2017-10-09,-0.0032064545127647058
2017-10-10,-0.00015
2017-10-11,0.0
2017-10-12,-0.0
2017-10-13,0.0
2017-10-16,0.0
2017-10-17,0.0
2017-10-18,0.0
2017-10-19,-0.0
2017-10-20,0.0
2017-10-23,-0.0
2017-10-24,0.0
2017-10-25,0.0
2017-10-26,0.0
2017-10-27,0.0
2017-10-30,0.0
2017-10-31,0.0
2017-11-01,-0.0
2017-11-02,0.0
2017-11-03,0.0
2017-11-06,0.0
2017-11-07,-0.0
2017-11-08,-0.0
2017-11-09,0.0
2017-11-10,-0.0
2017-11-13,-0.0
2017-11-14,-0.0
2017-11-15,-0.0
2017-11-16,-0.0
2017-11-17,0.0
2017-11-20,-0.0
2017-11-21,0.0
2017-11-22,0.0
2017-11-23,0.0
2017-11-24,0.0
2017-11-27,-0.0
2017-11-28,-0.0
2017-11-29,-0.0
2017-11-30,0.0
2017-12-01,0.017413467986587477
2017-12-04,-0.00015
2017-12-05,0.0
2017-12-06,-0.0
2017-12-07,0.0
2017-12-08,0.019142604501607523
2017-12-11,-0.00015
2017-12-12,-0.0
2017-12-13,-0.0
2017-12-14,0.0
2017-12-15,-0.0014136234402149115
2017-12-18,-0.00015
2017-12-19,0.0
2017-12-20,0.0
2017-12-21,0.0
2017-12-22,0.0052429121725730944
2017-12-26,-0.00015
2017-12-27,-0.0
2017-12-28,0.0
2017-12-29,0.010581559854897376
2018-01-02,-0.00015
2018-01-03,0.0
2018-01-04,0.0
2018-01-05,-0.00676084178051996
2018-01-08,-0.00015
2018-01-09,0.0
2018-01-10,0.0
2018-01-11,0.0
2018-01-12,0.008657392434305505
2018-01-15,-0.00015
2018-01-16,-0.0
2018-01-17,0.0
2018-01-18,-0.0
2018-01-19,-0.010249552734093243
2018-01-22,-0.00015
2018-01-23,0.0
2018-01-24,0.0
2018-01-25,-0.0
2018-01-26,0.0012700511218402934
2018-01-29,-0.00015
2018-01-30,-0.0
2018-01-31,0.0
2018-02-01,0.0
2018-02-02,-0.01551252692031559
2018-02-05,-0.00015
2018-02-06,-0.0
2018-02-07,-0.0
2018-02-08,-0.0
2018-02-09,-0.031318029625058044
2018-02-12,-0.00015
2018-02-13,0.0
2018-02-14,0.0
2018-02-15,-0.0
2018-02-16,0.007777871910461626
2018-02-19,-0.00015
2018-02-20,-0.0
2018-02-21,0.0
2018-02-22,0.0
2018-02-23,0.013707508660942707
2018-02-26,-0.00015
2018-02-27,-0.0
2018-02-28,-0.0
2018-03-01,-0.014053908543179356
2018-03-02,0.008459971800093946
2018-03-05,0.018176169022836808
2018-03-06,0.0038144644491908686
2018-03-07,-0.02203982368141022
2018-03-08,-0.011345974510413859
2018-03-09,0.029555101399151518
2018-03-12,0.007945533669262839
2018-03-13,0.004772902232486387
2018-03-14,-0.0038675742574254546
2018-03-15,-0.0035444598551395146
2018-03-16,-0.016738329238328964
2018-03-19,0.002416553390726328
2018-03-20,-0.02074186222558705
2018-03-21,-0.030406407594185447
2018-03-22,0.008061033539657592
2018-03-23,-0.02234799013205646
2018-03-26,0.004684173172462502
2018-03-27,0.00014261266400450445
2018-03-28,0.008272714306090556
2018-03-29,-0.008435136707388047
2018-04-02,-0.024666873377560145
2018-04-03,-0.00015
2018-04-04,-0.0
2018-04-05,0.0
2018-04-06,-0.018004529489243488
2018-04-09,-0.00015
2018-04-10,0.0
2018-04-11,0.0
2018-04-12,-0.0
2018-04-13,0.007625617883921004
2018-04-16,-0.00015
2018-04-17,0.0
2018-04-18,0.0
2018-04-19,0.0
2018-04-20,0.0036450664136625623
2018-04-23,-0.00015
2018-04-24,-0.0
2018-04-25,0.0
2018-04-26,0.0
2018-04-27,-0.0014879716350017112
2018-04-30,0.012196774630708784
2018-05-01,-0.020886330164681
2018-05-02,0.0031450840968141325
2018-05-03,0.0035441657579065033
2018-05-04,0.01697908177125762
2018-05-07,0.017363429945238096
2018-05-08,-0.01732965734541181
2018-05-09,0.03152972611890492
2018-05-10,-0.00015
2018-05-11,-0.0
2018-05-14,0.0
2018-05-15,0.0
2018-05-16,0.0
2018-05-17,0.00010227043390518845
2018-05-18,-0.00015
2018-05-21,0.0
2018-05-22,0.0
2018-05-23,0.002740536634409857
2018-05-24,-0.012656641604010033
2018-05-25,-0.02982612006599772
2018-05-28,-0.014913657770801003
2018-05-29,0.0011952191235060639
2018-05-30,0.0279877967900255
2018-05-31,-0.0020586721564593846
2018-06-01,-0.009927797833934382
2018-06-04,-0.019533793462690685
2018-06-05,0.0011953778722273434
2018-06-06,-0.00026532236667553555
2018-06-07,0.026008492569002062
2018-06-08,-0.011122607346094271
2018-06-11,0.0
2018-06-12,-0.007585665707559031
2018-06-13,0.01133368476541885
2018-06-14,-0.01042481105029991
2018-06-15,-0.03292072688964953
2018-06-18,0.025871459694989385
2018-06-19,-0.003451022033448492
2018-06-20,-0.0045285029302077895
2018-06-21,-0.022611720631522503
2018-06-22,0.03422313483915129
2018-06-25,-0.01085373924553279
2018-06-26,0.02114278067710451
2018-06-27,0.017166819551827972
2018-06-28,0.0029631538263332757
2018-06-29,0.020873598763045953
2018-07-02,-0.0
2018-07-03,0.0
2018-07-04,0.0
2018-07-05,-0.0
2018-07-06,-0.0
2018-07-09,0.0
2018-07-10,0.0
2018-07-11,-0.0
2018-07-12,0.0
2018-07-13,0.0
2018-07-16,-0.0
2018-07-17,0.0
2018-07-18,0.0
2018-07-19,-0.0
2018-07-20,0.0
2018-07-23,-0.0
2018-07-24,0.0
2018-07-25,0.0
2018-07-26,0.0
2018-07-27,-0.0
2018-07-30,0.0
2018-07-31,0.01758659827928531
2018-08-01,0.024524996631181684
2018-08-02,-0.014642906478795181
2018-08-03,0.003267528931245711
2018-08-06,-0.007376041524381982
2018-08-07,-0.012203389830508282
2018-08-08,0.031748158070997956
2018-08-09,-0.00015
2018-08-10,0.0
2018-08-13,-0.0
2018-08-14,-0.0
2018-08-15,-0.0
2018-08-16,0.0
2018-08-17,0.0
2018-08-20,0.0
2018-08-21,0.0
2018-08-22,0.0
2018-08-23,-0.0
2018-08-24,0.0
2018-08-27,0.0
2018-08-28,-0.0
2018-08-29,0.0
2018-08-30,0.008016969147005431
2018-08-31,-0.004870546013842625
2018-09-03,0.006568778979907375
2018-09-04,0.00025591810620628763
2018-09-05,-0.011513368299859605
2018-09-06,-0.009965057590267445
2018-09-07,0.004313725490195708
2018-09-10,0.007028504490433685
2018-09-11,0.021843091637585577
2018-09-12,0.008601062484189459
2018-09-13,-0.01956358164033123
2018-09-14,-0.001151189562547783
2018-09-17,-0.0005122294788070247
2018-09-18,0.012556053811659362
2018-09-19,0.004681766417816258
2018-09-20,-0.008816120906801062
2018-09-21,0.0012706480304953693
2018-09-24,0.030456852791878264
2018-09-25,-0.00015
2018-09-26,-0.0
2018-09-27,0.0
2018-09-28,0.016438842467436748
2018-10-01,0.027196905596518883
2018-10-02,-0.00015
2018-10-03,0.0
2018-10-04,-0.0
2018-10-05,-0.0
2018-10-08,-0.0
2018-10-09,0.0
2018-10-10,-0.0
2018-10-11,-0.0
2018-10-12,0.0
2018-10-15,0.0
2018-10-16,0.0
2018-10-17,-0.0
2018-10-18,-0.0
2018-10-19,0.0
2018-10-22,0.0
2018-10-23,-0.0
2018-10-24,-0.0
2018-10-25,0.0
2018-10-26,0.0
2018-10-29,-0.0
2018-10-30,-0.0
2018-10-31,-0.0
2018-11-01,-0.0
2018-11-02,-0.0
2018-11-05,0.0
2018-11-06,-0.0
2018-11-07,0.0006818314154998064
2018-11-08,0.019703066463160557
2018-11-09,0.006652512384996423
2018-11-12,0.0008549444286122254
2018-11-13,0.06631488876212221
2018-11-14,-0.00015
2018-11-15,0.0
2018-11-16,0.0
2018-11-19,0.0
2018-11-20,-0.0
2018-11-21,0.0
2018-11-22,-0.0
2018-11-23,-0.0
2018-11-26,0.0
2018-11-27,-0.0
2018-11-28,-0.0
2018-11-29,0.0
2018-11-30,-0.0
2018-12-03,0.0
2018-12-04,0.0
2018-12-05,-0.0
2018-12-06,-0.0
2018-12-07,0.0
2018-12-10,-0.0
2018-12-11,0.0
2018-12-12,-0.0
2018-12-13,0.0
2018-12-14,-0.0
2018-12-17,-0.0
2018-12-18,-0.0
2018-12-19,0.0
2018-12-20,-0.0
2018-12-21,-0.0
2018-12-24,-0.0
2018-12-26,0.0
2018-12-27,-0.0
2018-12-28,0.0
2018-12-31,0.0
2019-01-02,0.0
2019-01-03,0.0
2019-01-04,0.0
2019-01-07,0.0
2019-01-08,0.0
2019-01-09,0.0
2019-01-10,0.0
2019-01-11,-0.0
2019-01-14,-0.0
2019-01-15,0.0
2019-01-16,0.0
2019-01-17,-0.0
2019-01-18,0.0
2019-01-21,0.0
2019-01-22,-0.0
2019-01-23,-0.0
2019-01-24,-0.0
2019-01-25,0.0
2019-01-28,-0.0
2019-01-29,0.0
2019-01-30,0.0
2019-01-31,-0.0
2019-02-01,0.0
2019-02-04,-0.0
2019-02-05,-0.0
2019-02-06,0.0
2019-02-07,-0.0
2019-02-08,0.0
2019-02-11,-0.0
2019-02-12,0.0
2019-02-13,0.018914402435116755
2019-02-14,-0.00015
2019-02-15,0.0
2019-02-18,0.0036235849056603766
2019-02-19,-0.0007518796992478372
2019-02-20,0.00948081264108347
2019-02-21,-0.00014907573047151512
2019-02-22,0.0007454897867904542
2019-02-25,-0.035160905840286416
2019-02-26,-0.00015
2019-02-27,0.0
2019-02-28,-0.00405527185340937
2019-03-01,-0.018700045242044938
2019-03-04,0.00922083909635818
2019-03-05,0.0028932541495354513
2019-03-06,0.0019738839963558963
2019-03-07,0.004697681466888648
2019-03-08,-0.008446455505278894
2019-03-11,0.012777608761789017
2019-03-12,0.001351757284469679
2019-03-13,0.013199340032998386
2019-03-14,-0.004737231680236431
2019-03-15,-0.0010412018444150295
2019-03-18,0.005658129839190229
2019-03-19,0.0010364228605268533
2019-03-20,0.01316373317556585
2019-03-21,-0.009343065693430574
2019-03-22,-0.012231063955202237
2019-03-25,-0.002985364762047282
2019-03-26,0.0110078410950751
2019-03-27,-0.002059732234809375
2019-03-28,-0.00014742739200979127
2019-03-29,0.0071535022354694
2019-04-01,0.021160106540396795
2019-04-02,0.005216635270250514
2019-04-03,-0.0008649272019604082
2019-04-04,0.0012985139229546583
2019-04-05,0.013544668587896158
2019-04-08,0.010804663065112186
2019-04-09,-0.006891701828410479
2019-04-10,0.015861775952414447
2019-04-11,-0.012547051442910684
2019-04-12,0.010165184243964287
2019-04-15,-0.005171208944793615
2019-04-16,0.007586400674346461
2019-04-17,-0.0013943112102623445
2019-04-18,0.004886903099693196
2019-04-22,0.02876198416006659
2019-04-23,0.0063479200432199345
2019-04-24,0.0008052610387863091
2019-04-25,-0.002950248089043761
2019-04-26,-0.029589778076664408
2019-04-29,-0.00015
2019-04-30,0.007118660889013567
2019-05-01,0.0016652789342208596
2019-05-02,-0.019811582155721763
2019-05-03,-0.00015
2019-05-06,0.0
2019-05-07,-0.019240398652442443
2019-05-08,-0.007312020606754765
2019-05-09,-1.578797783178236e-05
2019-05-10,-0.0035675095894305616
2019-05-13,-0.005822514868309458
2019-05-14,-0.01468131852484692
2019-05-15,0.0071396406513195235
2019-05-16,0.011843388602480243
2019-05-17,-0.005645827595703645
2019-05-20,-0.0033236393851266977
2019-05-21,-0.003217882451021203
2019-05-22,0.016486561374342013
2019-05-23,0.045499366107902284
2019-05-24,-0.00015
2019-05-27,0.0
2019-05-28,0.0
2019-05-29,-0.0
2019-05-30,-0.0
2019-05-31,-0.0
2019-06-03,-0.0
2019-06-04,0.0
2019-06-05,-0.0
2019-06-06,0.0
2019-06-07,0.0
2019-06-10,-0.0
2019-06-11,0.0
2019-06-12,-0.0
2019-06-13,0.0
2019-06-14,0.0
2019-06-17,-0.0
2019-06-18,0.0
2019-06-19,-0.0
2019-06-20,0.0
2019-06-21,0.0
2019-06-24,-0.0
2019-06-25,0.0
2019-06-26,0.0
2019-06-27,0.0
2019-06-28,-0.0
2019-07-01,0.0
2019-07-02,-0.0
2019-07-03,0.0
2019-07-04,-0.0
2019-07-05,0.0
2019-07-08,-0.0
2019-07-09,0.0
2019-07-10,0.0
2019-07-11,-0.0
2019-07-12,0.0
2019-07-15,-0.0
2019-07-16,-0.0
2019-07-17,-0.0
2019-07-18,-0.0
2019-07-19,0.0
2019-07-22,0.0
2019-07-23,0.0
2019-07-24,-0.0
2019-07-25,0.0
2019-07-26,0.0
2019-07-29,0.0
2019-07-30,0.0
2019-07-31,0.00634853009438317
2019-08-01,-0.0699461952344349
2019-08-02,-0.00015
2019-08-05,-0.0
2019-08-06,-0.0
2019-08-07,-0.0
2019-08-08,0.0
2019-08-09,0.0
2019-08-12,0.0
2019-08-13,0.0
2019-08-14,-0.0
2019-08-15,-0.0
2019-08-16,0.0
2019-08-19,0.0
2019-08-20,0.0
2019-08-21,0.0
2019-08-22,-0.0
2019-08-23,-0.0
2019-08-26,-0.0
2019-08-27,0.0
2019-08-28,-0.01661782053436402
2019-08-29,-0.009753678293932921
2019-08-30,-0.020799256075383944
2019-09-02,-0.0
2019-09-03,-0.0
2019-09-04,0.0
2019-09-05,-0.004268616144975329
2019-09-06,-0.00015
2019-09-09,0.0
2019-09-10,-0.0
2019-09-11,-0.0
2019-09-12,0.0069212053938496445
2019-09-13,-0.00015
2019-09-16,0.0
2019-09-17,-0.0
2019-09-18,-0.0
2019-09-19,-0.012728616352201256
2019-09-20,-0.00015
2019-09-23,0.0
2019-09-24,-0.0
2019-09-25,-0.0
2019-09-26,-0.005759873377143693
2019-09-27,-0.00015
2019-09-30,-0.0
2019-10-01,-0.0
2019-10-02,-0.0
2019-10-03,-0.0004966805338880885
2019-10-04,-0.00015
2019-10-07,-0.0
2019-10-08,-0.0
2019-10-09,0.0
2019-10-10,-0.013524485596707953
2019-10-11,-0.00015
2019-10-14,-0.0
2019-10-15,-0.0
2019-10-16,0.0
2019-10-17,-0.008396381689666516
2019-10-18,-0.00015
2019-10-21,-0.0
2019-10-22,0.0
2019-10-23,0.0
2019-10-24,-0.00832394147457895
2019-10-25,-0.00015
2019-10-28,-0.0
2019-10-29,0.0
2019-10-30,-0.0
2019-10-31,-0.0
2019-11-01,0.0
2019-11-04,0.0
2019-11-05,0.0
2019-11-06,-0.0
2019-11-07,0.0
2019-11-08,0.0
2019-11-11,-0.0
2019-11-12,-0.0
2019-11-13,0.0
2019-11-14,-0.0
2019-11-15,0.0
2019-11-18,-0.0
2019-11-19,-0.0
2019-11-20,0.0
2019-11-21,0.0
2019-11-22,-0.0
2019-11-25,0.0
2019-11-26,0.0
2019-11-27,-0.0
2019-11-28,-0.0
2019-11-29,-0.0
2019-12-02,0.0
2019-12-03,-0.0
2019-12-04,0.0
2019-12-05,0.0
2019-12-06,0.0
2019-12-09,-0.0
2019-12-10,0.0
2019-12-11,-0.0
2019-12-12,0.0
2019-12-13,0.0
2019-12-16,0.0
2019-12-17,0.0
2019-12-18,-0.0012090015128593144
2019-12-19,-0.005591657850990028
2019-12-20,0.006011421701232256
2019-12-23,-0.00015
2019-12-24,0.0
2019-12-26,-0.010864285714286121
2019-12-27,-0.0035335689045934426
2019-12-30,0.0029908778226410693
2019-12-31,-0.0
2020-01-02,0.0
2020-01-03,0.0
2020-01-06,0.0
2020-01-07,-0.0
2020-01-08,-0.0
2020-01-09,-0.0
2020-01-10,-0.0
2020-01-13,-0.0
2020-01-14,0.0
2020-01-15,-0.0
2020-01-16,0.0
2020-01-17,0.0
2020-01-20,0.0
2020-01-21,-0.0
2020-01-22,-0.0
2020-01-23,-0.0
2020-01-24,-0.0
2020-01-27,-0.0
2020-01-28,0.0
2020-01-29,0.0
2020-01-30,-0.0
2020-01-31,-0.0
2020-02-03,-0.0
2020-02-04,-0.0
2020-02-05,0.0
2020-02-06,-0.0
2020-02-07,-0.0
2020-02-10,-0.0
2020-02-11,0.0
2020-02-12,0.0
2020-02-13,0.009708397562287013
2020-02-14,0.017394391196308367
2020-02-17,0.006106071179344363
2020-02-18,0.001387203051846475
2020-02-19,0.023722943722943812
2020-02-20,0.0032138024357240003
2020-02-21,-0.013657056145675583
2020-02-24,-0.03760683760683747
2020-02-25,-0.023978685612788597
2020-02-26,-0.027661510464058292
2020-02-27,-0.02339509638779702
2020-02-28,-0.039822153489271206
2020-03-02,0.0
2020-03-03,-0.0
2020-03-04,-0.0
2020-03-05,-0.0
2020-03-06,-0.0
2020-03-09,-0.0
2020-03-10,0.0
2020-03-11,-0.0
2020-03-12,-0.0
2020-03-13,0.0
2020-03-16,-0.0
2020-03-17,-0.0
2020-03-18,-0.0
2020-03-19,0.0
2020-03-20,-0.0
2020-03-23,0.0
2020-03-24,0.0
2020-03-25,0.0
2020-03-26,-0.0
2020-03-27,-0.0
2020-03-30,-0.0
2020-03-31,-0.0
2020-04-01,-0.0
2020-04-02,0.0
2020-04-03,0.0
2020-04-06,-0.0
2020-04-07,-0.0
2020-04-08,0.0
2020-04-09,-0.0
2020-04-13,0.0
2020-04-14,-0.0
2020-04-15,-0.0
2020-04-16,0.0
2020-04-17,0.0
2020-04-20,-0.0
2020-04-21,-0.0
2020-04-22,0.0
2020-04-23,0.0
2020-04-24,0.0
2020-04-27,-0.0
2020-04-28,0.0
2020-04-29,0.0
2020-04-30,0.0
2020-05-01,-0.0
2020-05-04,0.0
2020-05-05,0.0
2020-05-06,-0.0
2020-05-07,-0.0
2020-05-08,0.0
2020-05-11,-0.0
2020-05-12,0.0
2020-05-13,-0.0
2020-05-14,0.0
2020-05-15,0.0
2020-05-18,0.0
2020-05-19,-0.0
2020-05-20,0.0
2020-05-21,0.0
2020-05-22,-0.0
2020-05-25,0.0
2020-05-26,0.0
2020-05-27,-0.0
2020-05-28,0.0
2020-05-29,0.0
2020-06-01,0.0
2020-06-02,0.0
2020-06-03,0.0
2020-06-04,0.0
2020-06-05,0.0
2020-06-08,-0.0
2020-06-09,0.0
2020-06-10,0.0
2020-06-11,-0.0
2020-06-12,0.0
2020-06-15,0.0
2020-06-16,0.0
2020-06-17,-0.0
2020-06-18,0.0
2020-06-19,0.0
2020-06-22,0.0
2020-06-23,-0.0
2020-06-24,-0.0
2020-06-25,0.0
2020-06-26,-0.0
2020-06-29,0.0
2020-06-30,-0.0
2020-07-01,0.0
2020-07-02,0.0
2020-07-03,-0.0
2020-07-06,0.0
2020-07-07,-0.0
2020-07-08,0.0
2020-07-09,-0.0
2020-07-10,0.0
2020-07-13,-0.0
2020-07-14,0.0
2020-07-15,0.0
2020-07-16,-0.0
2020-07-17,-0.0
2020-07-20,0.0
2020-07-21,0.0
2020-07-22,-0.0
2020-07-23,-0.0
2020-07-24,0.0
2020-07-27,0.0
2020-07-28,-0.0
2020-07-29,0.0
2020-07-30,-0.0
2020-07-31,0.0
2020-08-03,0.0
2020-08-04,0.0
2020-08-05,0.0
2020-08-06,-0.0
2020-08-07,-0.0
2020-08-10,0.0
2020-08-11,-0.0
2020-08-12,0.0
2020-08-13,-0.0
2020-08-14,-0.0
2020-08-17,0.0
2020-08-18,0.0
2020-08-19,-0.0
2020-08-20,-0.0
2020-08-21,-0.0
2020-08-24,0.0
2020-08-25,0.0
2020-08-26,-0.0
2020-08-27,-0.0
2020-08-28,0.0
2020-08-31,-0.0
2020-09-01,0.0
2020-09-02,-0.0
2020-09-03,-0.0
2020-09-04,-0.0
2020-09-07,-0.0
2020-09-08,-0.0
2020-09-09,0.0
2020-09-10,-0.0
2020-09-11,-0.0
2020-09-14,-0.0
2020-09-15,0.0
2020-09-16,0.0
2020-09-17,0.0
2020-09-18,-0.0
2020-09-21,-0.0
2020-09-22,0.0
2020-09-23,0.0
2020-09-24,0.0
2020-09-25,-0.0
2020-09-28,0.0
2020-09-29,-0.0
2020-09-30,0.0
2020-10-01,-0.0
2020-10-02,-0.0
2020-10-05,0.0
2020-10-06,0.0
2020-10-07,-0.0
2020-10-08,0.0
2020-10-09,-0.0
2020-10-12,-0.0
2020-10-13,0.0
2020-10-14,0.0
2020-10-15,-0.0
2020-10-16,-0.0
2020-10-19,-0.0
2020-10-20,0.0
2020-10-21,-0.0
2020-10-22,0.0
2020-10-23,-0.0
2020-10-26,-0.0
2020-10-27,0.0
2020-10-28,-0.0
2020-10-29,-0.0
2020-10-30,-0.0
2020-11-02,-0.02729812862414373
2020-11-03,-0.00015
2020-11-04,0.0
2020-11-05,-0.0
2020-11-06,-0.0
2020-11-09,0.0
2020-11-10,0.0
2020-11-11,0.0
2020-11-12,-0.0
2020-11-13,-0.0
2020-11-16,0.0
2020-11-17,-0.0
2020-11-18,0.0
2020-11-19,-0.0
2020-11-20,0.0
2020-11-23,0.0243161921708178
2020-11-24,0.03907946157186282
2020-11-25,0.015670706226494024
2020-11-26,-0.016663238016868753
2020-11-27,0.00794979079497904
2020-11-30,-0.007668393782383376
2020-12-01,-0.009607351712615175
2020-12-02,0.017503163222269302
2020-12-03,0.00953367875647615
2020-12-04,0.011086019297886107
2020-12-07,-0.009340101522842925
2020-12-08,0.0010248001639678872
2020-12-09,0.00040950040950038513
2020-12-10,0.02844862873516152
2020-12-11,-0.005572139303482104
2020-12-14,0.00640384230538249
2020-12-15,0.009345794392523699
2020-12-16,0.0063041765169424835
2020-12-17,0.008222396241190033
2020-12-18,0.014757281553398283
2020-12-21,-0.025832376578645344
2020-12-22,-0.016303280298566203
2020-12-23,0.022364217252396568
2020-12-24,0.0017578124999997335
2020-12-28,-0.008383700526418125
2020-12-29,0.004522217852929389
2020-12-30,0.0078079250439193615
2020-12-31,0.003292659306604495
2021-01-04,-0.013706563706563313
2021-01-05,0.04912898806028565
2021-01-06,0.013059701492537545
2021-01-07,0.0014732965009209842
2021-01-08,0.029606472968003006
2021-01-11,-0.005893909626719318
2021-01-12,0.016528925619834878
2021-01-13,-0.009190526687875455
2021-01-14,0.006421691045308098
2021-01-15,-0.02339595887982948
2021-01-18,-0.006352087114337657
2021-01-19,0.02100456621004554
2021-01-20,0.003220035778175534
2021-01-21,0.00035663338088420815
2021-01-22,-0.012299465240642071
2021-01-25,0.008482223425374524
2021-01-26,0.0005368647100929547
2021-01-27,-0.0017885888034335773
2021-01-28,-0.005017022039061514
2021-01-29,-0.0010889292196004652
2021-02-01,0.023800872093023173
2021-02-02,0.01969831410825229
2021-02-03,0.01740341106856924
2021-02-04,0.006500171057133297
2021-02-05,0.008497620666213512
2021-02-08,0.020559487698011303
2021-02-09,0.008751651254953696
2021-02-10,0.006220330659682194
2021-02-11,-0.005368472425573367
2021-02-12,0.021099116781158278
2021-02-15,0.013935607880826373
2021-02-16,0.0007898894154818592
2021-02-17,0.015627466456195727
2021-02-18,-0.006372396642834732
2021-02-19,-0.015954950727357864
2021-02-22,0.03703703703703676
2021-02-23,0.001992642550582735
2021-02-24,0.025546886951200776
2021-02-25,-0.0023866348448688957
2021-02-26,-0.025563454847980394
2021-03-01,-0.011331884507916667
2021-03-02,-0.015544041450777257
2021-03-03,0.02185007974481623
2021-03-04,0.0416731699703452
2021-03-05,0.039256817500749275
2021-03-08,-0.016147635524798365
2021-03-09,-0.010550996483000952
2021-03-10,0.005627962085308136
2021-03-11,0.025478645066274064
2021-03-12,-0.005888266551773658
2021-03-15,-0.004911875180583891
2021-03-16,-0.007113821138211351
2021-03-17,-0.005702588097674877
2021-03-18,-0.06941176470588262
2021-03-19,-0.00015
2021-03-22,0.0
2021-03-23,-0.0
2021-03-24,0.0
2021-03-25,-0.0
2021-03-26,0.0
2021-03-29,0.0
2021-03-30,-0.0
2021-03-31,-0.0
2021-04-01,0.0
2021-04-05,-0.0
2021-04-06,0.0
2021-04-07,0.0
2021-04-08,0.0
2021-04-09,-0.0
2021-04-12,0.0
2021-04-13,0.0
2021-04-14,0.0
2021-04-15,0.0
2021-04-16,-0.0
2021-04-19,0.0
2021-04-20,-0.0
2021-04-21,-0.0
2021-04-22,0.0
2021-04-23,0.0
2021-04-26,-0.0
2021-04-27,0.0
2021-04-28,0.0
2021-04-29,0.0
2021-04-30,-0.019106649522409497
2021-05-03,0.011983223487117556
2021-05-04,0.01953818827708642
2021-05-05,0.0011614401858306422
2021-05-06,-0.012616009280742135
2021-05-07,0.0027904244382432886
2021-05-10,0.0005858230814295151
2021-05-11,0.003366510538641565
2021-05-12,0.011232676878191405
2021-05-13,-0.03274668205424103
2021-05-14,0.024757643549589536
2021-05-17,0.01091544171154113
2021-05-18,-0.010797581341779217
2021-05-19,-0.029835540678212924
2021-05-20,-0.023252325232523186
2021-05-21,-0.00015
2021-05-24,0.0
2021-05-25,0.0
2021-05-26,0.0
2021-05-27,0.0
2021-05-28,-0.0
2021-05-31,0.008731082654248823
2021-06-01,0.013416041546451485
2021-06-02,0.015658362989323882
2021-06-03,-0.0005606166783462818
2021-06-04,0.00813350161267734
2021-06-07,-0.00556405619696787
2021-06-08,0.010211218352217388
2021-06-09,0.0
2021-06-10,0.004153973968429314
2021-06-11,0.002344180915609284
2021-06-14,0.002338698583024268
2021-06-15,0.015509195717814617
2021-06-16,0.005406135964319825
2021-06-17,-0.017609893802930654
2021-06-18,0.005883962780514285
2021-06-21,0.018908991973881628
2021-06-22,-0.001201602136182034
2021-06-23,0.005079534821548437
2021-06-24,0.004920867136587015
2021-06-25,0.00820539968237144
2021-06-28,-0.0196902074035179
2021-06-29,0.0010712372790571134
2021-06-30,0.0045772751750134955
2021-07-01,0.01634950415438241
2021-07-02,0.004351265822784889
2021-07-05,0.012997243009058579
2021-07-06,-0.03408501814411591
2021-07-07,-0.014759157386287414
2021-07-08,0.00939670434427331
2021-07-09,0.01929303831624396
2021-07-12,-0.005162144275314473
2021-07-13,0.01769558275678551
2021-07-14,-0.02261733559942447
2021-07-15,-0.00015
2021-07-16,0.0014833197223359353
2021-07-19,-0.06753635004756098
2021-07-20,-0.00015
2021-07-21,0.0
2021-07-22,0.0
2021-07-23,0.0
2021-07-26,0.0
2021-07-27,-0.0
2021-07-28,0.0
2021-07-29,0.0
2021-07-30,0.0
2021-08-02,-0.033417318658003015
2021-08-03,-0.006585265468513901
2021-08-04,-0.028034801822952704
2021-08-05,0.012929809605001674
2021-08-06,-0.008276055547762784
2021-08-09,-0.023479490806223247
2021-08-10,0.023030127462340788
2021-08-11,0.011468214639671404
2021-08-12,-0.0018197088465844447
2021-08-13,-0.010096760622633316
2021-08-16,-0.015299617509562435
2021-08-17,-0.006905481225722987
2021-08-18,-0.011589164131536767
2021-08-19,-0.026088230983438487
2021-08-20,-0.0191121143717079
2021-08-23,0.05477140227063537
2021-08-24,0.03345454545454518
2021-08-25,0.016889514426460472
2021-08-26,-0.01633217993079572
2021-08-27,0.022935134374560295
2021-08-30,0.009766162310866466
2021-08-31,-0.008306797729475401
2021-09-01,-0.0005584252408208368
2021-09-02,0.020114541137030262
2021-09-03,-0.005751061207722619
2021-09-06,-0.005371160997107993
2021-09-07,-0.007338687344226158
2021-09-08,0.012693541637606831
2021-09-09,-0.015840220385674675
2021-09-10,0.0205738278516443
2021-09-13,0.008091058694459807
2021-09-14,0.001224323221330481
2021-09-15,0.025271739130434456
2021-09-16,0.002782931354360141
2021-09-17,-0.004361041363816431
2021-09-20,-0.018847889567294995
2021-09-21,0.005952380952380709
2021-09-22,0.02461000537923641
2021-09-23,0.013912586953668704
2021-09-24,0.010873786407766817
2021-09-27,0.018440261237034017
2021-09-28,-0.005532503457814308
2021-09-29,-0.005689720571500967
2021-09-30,0.002817262133435472
2021-10-01,0.012386668369301912
2021-10-04,0.02497477295660877
2021-10-05,0.01599803101156816
2021-10-06,-0.01792635658914754
2021-10-07,0.010730143068574671
2021-10-08,0.005369127516778427
2021-10-11,0.015293118096856517
2021-10-12,-0.0027495517035266426
2021-10-13,-0.0028770079117718117
2021-10-14,0.009858138975715525
2021-10-15,0.010238095238095157
2021-10-18,-0.0062455809568702225
2021-10-19,0.008893632159373999
2021-10-20,0.00869769628584871
2021-10-21,-0.014099277557679035
2021-10-22,0.010873419217586555
2021-10-25,0.005378229860867778
2021-10-26,0.004767996278636888
2021-10-27,-0.021064814814815147
2021-10-28,-0.003074012768976009
2021-10-29,0.0007171886206076561
2021-11-01,0.011825131390348353
2021-11-02,0.00011804981702256967
2021-11-03,-0.03222379603399428
2021-11-04,-0.017685083546773894
2021-11-05,0.02731561956791695
2021-11-08,0.00833937635968085
2021-11-09,0.016181229773462702
2021-11-10,-0.025241802311866124
2021-11-11,0.002783155856727726
2021-11-12,-0.00844696512610077
2021-11-15,-0.0014603870025554633
2021-11-16,0.004631322364411883
2021-11-17,-0.02608273686764573
2021-11-18,0.01195814648729443
2021-11-19,-0.02892663712456911
2021-11-22,0.010267461021675972
2021-11-23,0.032747804265996994
2021-11-24,-0.0007289515247234091
2021-11-25,-0.0003647416413374849
2021-11-26,-0.11554366334225241
2021-11-29,0.009900990099009688
2021-11-30,-0.0
2021-12-01,-0.0
2021-12-02,0.0
2021-12-03,0.0
2021-12-06,0.0
2021-12-07,0.0
2021-12-08,0.0
2021-12-09,-0.0
2021-12-10,0.0
2021-12-13,-0.0
2021-12-14,-0.0
2021-12-15,0.0
2021-12-16,0.0
2021-12-17,-0.0
2021-12-20,-0.0
2021-12-21,0.0
2021-12-22,0.0
2021-12-23,0.0
2021-12-24,-0.0
2021-12-27,0.0
2021-12-28,0.0
2021-12-29,0.0
2021-12-30,0.0
2021-12-31,-0.0
2022-01-03,0.0
2022-01-04,0.0
2022-01-05,0.0
2022-01-06,0.0
2022-01-07,-0.0
2022-01-10,-0.0
2022-01-11,0.0
2022-01-12,0.0
2022-01-13,-0.0
2022-01-14,0.0
2022-01-17,0.0
2022-01-18,0.011760268270120205
2022-01-19,0.010627356873499805
2022-01-20,-0.0006784260515600993
2022-01-21,-0.005544240778456722
2022-01-24,-0.0184321310729324
2022-01-25,0.02237162397125303
2022-01-26,0.01995464852607709
2022-01-27,-0.006891951978656996
2022-01-28,0.007723304231027628
2022-01-31,0.008359692724807966
2022-02-01,-0.001120322652924166
2022-02-02,0.003476895468819796
2022-02-03,0.0183301665362694
2022-02-04,0.023707606190319197
2022-02-07,-0.006218505414388287
2022-02-08,-0.020606322149098966
2022-02-09,0.008482044503194341
2022-02-10,-0.001529219006007776
2022-02-11,0.03314735805710556
2022-02-14,0.02160101651842461
2022-02-15,-0.03316749585406331
2022-02-16,-0.00015
2022-02-17,-0.0
2022-02-18,0.0
2022-02-21,0.0
2022-02-22,0.0
2022-02-23,0.0
2022-02-24,0.0
2022-02-25,-0.0
2022-02-28,0.0
2022-03-01,-0.07160044401347333
2022-03-02,-0.07583118986377047
2022-03-03,0.021871956078986954
2022-03-04,-0.06925583921781642
2022-03-07,-0.043180086360172565
2022-03-08,-0.0387143900657414
2022-03-09,0.1315830598531018
2022-03-10,-0.00015
2022-03-11,0.0
2022-03-14,-0.0
2022-03-15,-0.0
2022-03-16,-0.0
2022-03-17,0.0
2022-03-18,0.0
2022-03-21,0.0
2022-03-22,-0.0
2022-03-23,0.0
2022-03-24,-0.0
2022-03-25,0.0
2022-03-28,-0.0
2022-03-29,-0.0
2022-03-30,0.0
2022-03-31,-0.0
2022-04-01,-0.0
2022-04-04,0.0
2022-04-05,-0.0
2022-04-06,-0.0
2022-04-07,-0.0
2022-04-08,0.0
2022-04-11,-0.0
2022-04-12,0.0
2022-04-13,0.0
2022-04-14,0.0
2022-04-18,0.0
2022-04-19,-0.0
2022-04-20,-0.0
2022-04-21,0.0
2022-04-22,-0.0
2022-04-25,-0.0
2022-04-26,0.0
2022-04-27,0.0
2022-04-28,0.0
2022-04-29,-0.0
2022-05-02,0.0
2022-05-03,-0.0
2022-05-04,0.0
2022-05-05,0.0
2022-05-06,0.0
2022-05-09,-0.0
2022-05-10,-0.0
2022-05-11,0.0
2022-05-12,-0.0
2022-05-13,0.0
2022-05-16,0.0
2022-05-17,-0.0
2022-05-18,-0.0
2022-05-19,0.0
2022-05-20,0.0
2022-05-23,0.0
2022-05-24,0.0
2022-05-25,0.0
2022-05-26,0.0
2022-05-27,0.0
2022-05-30,0.0
2022-05-31,-0.017006802721088676
2022-06-01,0.005968858131488286
2022-06-02,0.011350933012296727
2022-06-03,0.01794065130516098
2022-06-06,-0.0017540928833945646
2022-06-07,0.008869550665216108
2022-06-08,0.02496475076718907
2022-06-09,-0.004126881372390256
2022-06-10,-0.008612984480376618
2022-06-13,0.002130972871076109
2022-06-14,-0.008996483192933669
2022-06-15,-0.021952628538417174
2022-06-16,0.010969538435575021
2022-06-17,-0.05583841081712726
2022-06-20,-0.00015
2022-06-21,0.0
2022-06-22,-0.0
2022-06-23,-0.0
2022-06-24,0.0
2022-06-27,0.0
2022-06-28,0.0
2022-06-29,-0.0
2022-06-30,-0.0
2022-07-01,0.0
2022-07-04,0.0
2022-07-05,-0.0
2022-07-06,-0.0
2022-07-07,0.0
2022-07-08,0.0
2022-07-11,0.0
2022-07-12,-0.0
2022-07-13,0.0
2022-07-14,-0.0
2022-07-15,0.0
2022-07-18,0.0
2022-07-19,0.0
2022-07-20,-0.0
2022-07-21,-0.0
2022-07-22,-0.0
2022-07-25,0.0
2022-07-26,-0.0
2022-07-27,0.0
2022-07-28,0.0
2022-07-29,0.0
2022-08-01,-0.0
2022-08-02,0.0
2022-08-03,-0.0
2022-08-04,-0.0
2022-08-05,0.0
2022-08-08,0.0
2022-08-09,-0.0
2022-08-10,0.0
2022-08-11,0.0
2022-08-12,-0.0
2022-08-15,-0.0
2022-08-16,-0.0
2022-08-17,0.0
2022-08-18,0.0
2022-08-19,0.0
2022-08-22,-0.0
2022-08-23,0.0
2022-08-24,0.0
2022-08-25,-0.0
2022-08-26,0.0
2022-08-29,0.0
2022-08-30,-0.0
2022-08-31,-0.0
2022-09-01,-0.0
2022-09-02,0.0
2022-09-05,0.0
2022-09-06,-0.0
2022-09-07,-0.0
2022-09-08,0.0
2022-09-09,0.0
2022-09-12,0.0
2022-09-13,-0.0
2022-09-14,0.0
2022-09-15,-0.0
2022-09-16,0.0
2022-09-19,0.0
2022-09-20,-0.0
2022-09-21,-0.0
2022-09-22,0.0
2022-09-23,-0.0
2022-09-26,-0.0
2022-09-27,0.0
2022-09-28,0.0
2022-09-29,-0.0
2022-09-30,-0.0
2022-10-03,0.0
2022-10-04,0.0
2022-10-05,0.0
2022-10-06,0.0
2022-10-07,0.0
2022-10-10,-0.0
2022-10-11,-0.0
2022-10-12,-0.0
2022-10-13,0.0
2022-10-14,-0.0
2022-10-17,-0.0
2022-10-18,-0.0
2022-10-19,0.0
2022-10-20,-0.0
2022-10-21,0.0
2022-10-24,-0.0
2022-10-25,0.0
2022-10-26,0.0
2022-10-27,0.0
2022-10-28,-0.0
2022-10-31,-0.0
2022-11-01,0.0
2022-11-02,0.0
2022-11-03,-0.0
2022-11-04,0.0
2022-11-07,-0.0
2022-11-08,-0.0
2022-11-09,-0.0
2022-11-10,0.0
2022-11-11,0.0
2022-11-14,-0.0
2022-11-15,0.0
2022-11-16,-0.0
2022-11-17,-0.0
2022-11-18,-0.0
2022-11-21,-0.0
2022-11-22,0.0
2022-11-23,-0.0
2022-11-24,-0.0
2022-11-25,-0.0
2022-11-28,-0.0
2022-11-29,-0.0
2022-11-30,-0.03228486646884288
2022-12-01,-0.0013348395998622805
2022-12-02,0.014778268876611456
2022-12-05,0.03377351875657342
2022-12-06,0.0402757619738755
2022-12-07,0.027473219911782754
2022-12-08,0.013217571595179556
2022-12-09,0.0006565988181225224
2022-12-12,-0.024835742444152764
2022-12-13,-0.03449160148736996
2022-12-14,-0.02503718393653931
2022-12-15,0.018016928657799025
2022-12-16,0.026720847186307073
2022-12-19,-0.009615384615384581
2022-12-20,-0.0023809523809525945
2022-12-21,-0.02762845355669441
2022-12-22,0.014841849148418351
2022-12-23,-0.03630526055816219
2022-12-27,-0.004885605338417642
2022-12-28,0.012688248547373271
2022-12-29,0.006310275032741841
2022-12-30,-0.029355379822669336
2023-01-02,0.0
2023-01-03,-0.04449873705040143
2023-01-04,-0.05188794153471388
2023-01-05,0.010919835560123436
2023-01-06,-0.001524971406786202
2023-01-09,0.013745704467354125
2023-01-10,0.005649717514124131
2023-01-11,0.03208489388264679
2023-01-12,0.016450949558485695
2023-01-13,0.014875639652505157
2023-01-16,-0.009615384615384914
2023-01-17,0.01728628936774812
2023-01-18,-0.010940409683426466
2023-01-19,0.013885620145916766
2023-01-20,0.01706128133704765
2023-01-23,0.00639050553463405
2023-01-24,-0.023358657444154662
2023-01-25,-0.0001161035643794106
2023-01-26,0.015675801207617246
2023-01-27,-0.00926031782325376
2023-01-30,-0.020309254558042666
2023-01-31,0.0
2023-02-01,-0.0
2023-02-02,-0.0
2023-02-03,-0.027288858464159755
2023-02-06,-0.00015
2023-02-07,0.0
2023-02-08,0.0
2023-02-09,-0.0
2023-02-10,0.022216863905325384
2023-02-13,-0.00015
2023-02-14,-0.0
2023-02-15,-0.0
2023-02-16,-0.0
2023-02-17,-0.025285071646699814
2023-02-20,-0.00015
2023-02-21,-0.0
2023-02-22,-0.0
2023-02-23,0.0
2023-02-24,0.011405771803916758
2023-02-27,-0.00015
2023-02-28,0.017186738176499183
2023-03-01,0.010305572198921364
2023-03-02,0.005218835250860421
2023-03-03,-0.01304336283185784
2023-03-06,-0.004077828265175221
2023-03-07,0.03353446275237848
2023-03-08,0.007563933245287591
2023-03-09,0.012944592305831226
2023-03-10,0.014285120725579381
2023-03-13,0.023981227349601363
2023-03-14,-0.04140437043456716
2023-03-15,-0.048547449967721534
2023-03-16,0.013706065951961
2023-03-17,-0.023159303882195226
2023-03-20,0.011237494860901975
2023-03-21,0.02073451687220418
2023-03-22,0.018189060010621594
2023-03-23,-0.010170817577259128
2023-03-24,-0.01211961533394812
2023-03-27,0.041738898519802836
2023-03-28,0.006784434203789047
2023-03-29,0.004404386522568327
2023-03-30,-0.012646908533469281
2023-03-31,0.0
2023-04-03,0.0
2023-04-04,-0.0002677440244906069
2023-04-05,-0.000588650812338054
2023-04-06,-0.0015295917166724404
2023-04-10,0.011043233082706605
2023-04-11,-0.016987407935376453
2023-04-12,-0.02009111085153581
2023-04-13,0.014199015229588996
2023-04-14,-0.002555465210825947
2023-04-17,0.017958521608156364
2023-04-18,-0.00015
2023-04-19,-0.0
2023-04-20,-0.0
2023-04-21,0.0
2023-04-24,0.0
2023-04-25,-0.0
2023-04-26,-0.0
2023-04-27,0.008602735229759611
2023-04-28,0.026975198159038705
2023-05-01,-0.00015
2023-05-02,-0.05045891438658469
2023-05-03,-0.039697291556027525
2023-05-04,0.0023503387252874486
2023-05-05,0.03862068965517218
2023-05-08,0.02270916334661366
2023-05-09,-0.00015
2023-05-10,-0.0
2023-05-11,-0.0
2023-05-12,-0.010952880768204682
2023-05-15,0.014291492517190196
2023-05-16,-0.00015
2023-05-17,0.0
2023-05-18,-0.0
2023-05-19,-0.0
2023-05-22,0.0
2023-05-23,0.0
2023-05-24,0.0
2023-05-25,0.026649387442572597
2023-05-26,-0.00015
2023-05-29,0.0
2023-05-30,-0.0
2023-05-31,-0.01520901505901508
2023-06-01,0.023140495867768784
2023-06-02,0.02490576198169081
2023-06-05,-0.00015
2023-06-06,-0.0
2023-06-07,0.0
2023-06-08,-0.0
2023-06-09,-0.0
2023-06-12,-0.0
2023-06-13,0.03395356347438737
2023-06-14,-0.00015
2023-06-15,0.03359316939890676
2023-06-16,-0.00015
2023-06-19,-0.0
2023-06-20,-0.0
2023-06-21,0.0
2023-06-22,0.03849107883817447
2023-06-23,-0.00015
2023-06-26,0.0
2023-06-27,-0.0
2023-06-28,0.024344879601439034
2023-06-29,-0.00015
2023-06-30,0.0
2023-07-03,-0.0
2023-07-04,0.0
2023-07-05,0.0
2023-07-06,0.0015460208741031435
2023-07-07,-0.025483533716675666
2023-07-10,0.009940104498534663
2023-07-11,-0.022010554768953527
2023-07-12,-0.008942065491183815
2023-07-13,-0.015603545125452811
2023-07-14,0.018313667649951015
2023-07-17,0.017152873419306047
2023-07-18,-0.00015
2023-07-19,0.0019848737912846305
2023-07-20,-0.00015
2023-07-21,0.0
2023-07-24,-0.02074948192919703
2023-07-25,-0.010877447425670761
2023-07-26,0.008608321377331252
2023-07-27,-0.015918958031837516
2023-07-28,-0.00890313390313402
2023-07-31,0.0
2023-08-01,-0.0
2023-08-02,-0.0
2023-08-03,0.0
2023-08-04,0.0
2023-08-07,-0.0
2023-08-08,0.0
2023-08-09,0.0
2023-08-10,-0.0
2023-08-11,0.0
2023-08-14,-0.0
2023-08-15,-0.0
2023-08-16,-0.0
2023-08-17,0.0
2023-08-18,0.0
2023-08-21,-0.0
2023-08-22,-0.0
2023-08-23,-0.0
2023-08-24,0.0
2023-08-25,0.0
2023-08-28,-0.0
2023-08-29,0.0
2023-08-30,0.0
2023-08-31,0.0
2023-09-01,0.0
2023-09-04,0.0
2023-09-05,0.0
2023-09-06,0.0
2023-09-07,-0.0
2023-09-08,0.0
2023-09-11,-0.0
2023-09-12,0.0
2023-09-13,-0.0
2023-09-14,0.0
2023-09-15,0.0
2023-09-18,0.0
2023-09-19,-0.0
2023-09-20,-0.0
2023-09-21,-0.0
2023-09-22,-0.0
2023-09-25,0.0
2023-09-26,0.0
2023-09-27,0.0
2023-09-28,-0.0
2023-09-29,-0.0
2023-10-02,-0.0
2023-10-03,0.0
2023-10-04,-0.0
2023-10-05,-0.0
2023-10-06,0.0
2023-10-09,0.0
2023-10-10,-0.0
2023-10-11,-0.0
2023-10-12,0.0
2023-10-13,0.0
2023-10-16,-0.0
2023-10-17,0.0
2023-10-18,0.0
2023-10-19,0.0
2023-10-20,-0.0
2023-10-23,-0.0
2023-10-24,-0.0
2023-10-25,0.0
2023-10-26,-0.0
2023-10-27,0.0
2023-10-30,-0.0
2023-10-31,-0.0
2023-11-01,-0.0
2023-11-02,0.0
2023-11-03,-0.022717645365572765
2023-11-06,-0.00015
2023-11-07,-0.0
2023-11-08,-0.0
2023-11-09,0.0
2023-11-10,0.017597781527308825
2023-11-13,-0.00015
2023-11-14,-0.0
2023-11-15,-0.0
2023-11-16,-0.0
2023-11-17,0.041053823301472656
2023-11-20,-0.00015
2023-11-21,0.0
2023-11-22,-0.0
2023-11-23,-0.0
2023-11-24,-0.010466875460574915
2023-11-27,-0.00015
2023-11-28,0.0
2023-11-29,0.0
2023-11-30,-0.0
2023-12-01,-0.024636767252040243
2023-12-04,-0.00015
2023-12-05,-0.0
2023-12-06,-0.0
2023-12-07,-0.0
2023-12-08,0.024022856178257706
2023-12-11,-0.00015
2023-12-12,-0.0
2023-12-13,0.0
2023-12-14,0.0
2023-12-15,-0.0009331875734239934
2023-12-18,-0.00015
2023-12-19,0.0
2023-12-20,0.0
2023-12-21,-0.0
2023-12-22,-0.0041807343494142555
2023-12-26,-0.00015
2023-12-27,-0.0
2023-12-28,-0.0
2023-12-29,-0.0015757939079715953
2024-01-02,-0.00015
2024-01-03,0.0
2024-01-04,-0.0
2024-01-05,0.014929262791596547
2024-01-08,-0.00015
2024-01-09,0.0
2024-01-10,-0.0
2024-01-11,0.0
2024-01-12,0.011218040304870596
2024-01-15,-0.00015
2024-01-16,0.0
2024-01-17,-0.0
2024-01-18,0.0
2024-01-19,-0.006976801517067049
2024-01-22,-0.00015
2024-01-23,-0.0
2024-01-24,0.0
2024-01-25,0.0
2024-01-26,0.013437286182215052
2024-01-29,-0.00015
2024-01-30,0.0
2024-01-31,-0.0
2024-02-01,-0.0
2024-02-02,-0.017557878017789092
2024-02-05,-0.00015
2024-02-06,0.0
2024-02-07,0.0
2024-02-08,0.0
2024-02-09,0.006710222957246087
2024-02-12,-0.00015
2024-02-13,0.0
2024-02-14,-0.0
2024-02-15,0.0
2024-02-16,0.0072118151098238105
2024-02-19,-0.00015
2024-02-20,-0.0
2024-02-21,0.0
2024-02-22,0.0
2024-02-23,-0.02465101589578102
2024-02-26,-0.00015
2024-02-27,0.0
2024-02-28,0.0
2024-02-29,-0.0
2024-03-01,0.0
2024-03-04,-0.0
2024-03-05,-0.0
2024-03-06,0.0
2024-03-07,0.0
2024-03-08,-0.0
2024-03-11,0.0
2024-03-12,-0.0
2024-03-13,0.0
2024-03-14,0.0
2024-03-15,-0.0
2024-03-18,0.0
2024-03-19,0.0
2024-03-20,-0.0
2024-03-21,-0.0
2024-03-22,-0.0
2024-03-25,0.0
2024-03-26,-0.0
2024-03-27,-0.0
2024-03-28,0.0
2024-04-01,0.004677586206896273
2024-04-02,-0.00015
2024-04-03,0.0
2024-04-04,0.0
2024-04-05,0.005586348593491369
2024-04-08,-0.00015
2024-04-09,-0.0
2024-04-10,0.0
2024-04-11,-0.0
2024-04-12,0.007761745041230267
2024-04-15,-0.00015
2024-04-16,-0.0
2024-04-17,-0.0
2024-04-18,-0.0
2024-04-19,0.001916352887154288
2024-04-22,-0.00015
2024-04-23,0.0
2024-04-24,-0.0
2024-04-25,0.0
2024-04-26,0.005354999438265434
2024-04-29,-0.00015
2024-04-30,-0.0
2024-05-01,-0.0
2024-05-02,0.0
2024-05-03,-0.008635717700490226
2024-05-06,-0.00015
2024-05-07,-0.0
2024-05-08,0.0
2024-05-09,0.0
2024-05-10,-0.013144754411063126
2024-05-13,-0.00015
2024-05-14,-0.0
2024-05-15,0.0
2024-05-16,0.0
2024-05-17,0.008376480124895207
2024-05-20,-0.00015
2024-05-21,-0.0
2024-05-22,-0.0
2024-05-23,-0.0
2024-05-24,0.009191199606686334
2024-05-27,-0.00015
2024-05-28,0.0
2024-05-29,-0.0
2024-05-30,-0.0
2024-05-31,-0.0
